date,open,high,low,close,volumeUSD,marketCapUSD
2020-09-30,19.75,20.03,18.78,19.09,5.02843235E8,1.346241555E9
2020-09-29,20.14,20.29,19.15,19.78,5.20040456E8,1.39551533E9
2020-09-28,21.17,21.52,19.83,20.13,5.90927629E8,1.419725865E9
2020-09-27,21.15,21.8,20.62,21.17,5.05963063E8,1.493003523E9
2020-09-26,21.38,22.37,20.7,21.15,5.8792427E8,1.491921967E9
2020-09-25,21.87,23.14,20.97,21.38,8.63550552E8,1.508269698E9
2020-09-24,19.67,21.98,19.52,21.85,6.96909813E8,1.540948862E9
2020-09-23,20.2,21.8,18.9,19.68,8.46568356E8,1.38823273E9
2020-09-22,20.14,20.64,18.73,20.2,7.80984727E8,1.425122153E9
2020-09-21,23.66,24.41,19.78,20.19,1.295549367E9,1.424124905E9
2020-09-20,24.57,25.7,22.89,23.66,1.179967293E9,1.669106078E9
2020-09-19,25.29,25.37,23.76,24.62,9.04395116E8,1.736872221E9
2020-09-18,23.75,25.94,23.2,25.29,1.208325976E9,1.783753893E9
2020-09-17,20.98,24.26,20.76,23.75,1.201289149E9,1.675634287E9
2020-09-16,20.27,21.8,19.51,21.04,1.108185833E9,1.484476647E9
2020-09-15,22.01,22.46,20.23,20.23,1.116525154E9,1.427263399E9
2020-09-14,20.24,22.46,19.65,22.03,1.095344442E9,1.554136306E9
2020-09-13,21.69,22.01,19.34,20.29,9.99879094E8,1.431241341E9
2020-09-12,20.39,21.78,19.8,21.69,1.068944035E9,1.529845084E9
2020-09-11,18.45,20.66,18.12,20.39,1.193567881E9,1.438638022E9
2020-09-10,17.33,18.64,17.29,18.45,8.43038071E8,1.301721661E9
2020-09-09,17.06,17.96,16.66,17.31,7.27026328E8,1.220869144E9
2020-09-08,18.19,18.55,16.65,17.06,8.27408571E8,1.203682641E9
2020-09-07,17.21,18.27,16.11,18.17,7.83954342E8,1.281994276E9
2020-09-06,16.92,17.69,16.37,17.21,5.60823146E8,1.213699011E9
2020-09-05,19.02,19.33,16.46,16.92,6.6907043E8,1.193445525E9
2020-09-04,17.93,19.75,17.56,19.07,5.07832659E8,1.345055395E9
2020-09-03,20.37,20.59,17.8,17.94,4.90096919E8,1.265605326E9
2020-09-02,21.54,21.7,19.56,20.36,5.92770351E8,1.436295731E9
2020-09-01,20.48,22.48,20.29,21.46,9.93813266E8,1.513803189E9
2020-08-31,20.71,21.58,20.29,20.5,8.77057528E8,1.446273899E9
2020-08-30,21.25,22.75,20.43,20.7,1.450491985E9,1.460075412E9
2020-08-29,18.33,21.87,18.02,21.29,1.283333209E9,1.502032116E9
2020-08-28,17.66,18.56,17.43,18.35,6.43963972E8,1.294135903E9
2020-08-27,17.38,18.04,16.8,17.66,8.47481772E8,1.245792364E9
2020-08-26,17.12,18.0,16.93,17.4,7.82546737E8,1.227621804E9
2020-08-25,18.14,18.21,16.35,17.11,6.6285796E8,1.206999621E9
2020-08-24,18.2,19.41,18.0,18.15,3.91584046E8,1.280102655E9
2020-08-23,18.92,19.66,17.79,18.2,4.41523289E8,1.283920528E9
2020-08-22,16.63,19.1,15.83,18.94,6.33241903E8,1.335675818E9
2020-08-21,17.79,19.68,16.64,16.64,6.62932816E8,1.173597789E9
2020-08-20,15.88,17.88,15.87,17.8,3.87346564E8,1.255866989E9
2020-08-19,16.23,16.89,15.65,15.88,3.53834519E8,1.120160443E9
2020-08-18,16.54,17.5,16.16,16.23,3.59768514E8,1.144830089E9
2020-08-17,15.49,16.87,15.35,16.53,4.18282962E8,1.166334966E9
2020-08-16,15.16,15.73,14.7,15.49,2.93764097E8,1.092944034E9
2020-08-15,14.84,15.43,14.8,15.15,3.01749015E8,1.068829744E9
2020-08-14,14.71,16.03,14.46,14.84,3.63039539E8,1.046945633E9
2020-08-13,14.48,15.01,13.68,14.7,3.46049328E8,1.037043381E9
2020-08-12,13.74,14.78,13.38,14.49,3.29256715E8,1.022123498E9
2020-08-11,14.54,14.62,13.44,13.74,5.63509492E8,9.68906656E8
2020-08-10,13.03,15.28,13.03,14.52,4.36597134E8,1.024477994E9
2020-08-09,13.11,13.34,12.85,13.03,2.21957306E8,9.18797781E8
2020-08-08,12.88,13.11,12.75,13.07,2.10311618E8,9.21730496E8
2020-08-07,13.0,13.47,12.58,12.88,5.26378769E8,9.08346997E8
2020-08-06,12.92,13.28,12.81,13.0,2.35371147E8,9.17144335E8
2020-08-05,12.52,12.96,12.4,12.92,2.12642928E8,9.11328924E8
2020-08-04,12.41,12.73,12.36,12.51,2.01039451E8,8.82780456E8
2020-08-03,12.18,12.76,12.1,12.41,2.37647861E8,8.75726597E8
2020-08-02,13.32,13.67,12.12,12.19,3.16352119E8,8.59596995E8
2020-08-01,12.18,13.4,12.07,13.31,3.6110326E8,9.38844811E8
2020-07-31,11.79,12.18,11.63,12.18,2.22960574E8,8.58909175E8
2020-07-30,11.71,11.88,11.54,11.8,1.91859692E8,8.32023967E8
2020-07-29,11.74,12.19,11.68,11.7,2.3936704E8,8.25478153E8
2020-07-28,11.61,11.99,11.36,11.74,3.05615652E8,8.28177332E8
2020-07-27,11.6,11.84,10.9,11.58,3.66814833E8,8.1710946E8
2020-07-26,11.59,11.89,11.49,11.6,2.35710938E8,8.1857865E8
2020-07-25,11.1,11.63,11.09,11.59,2.1724981E8,8.17878301E8
2020-07-24,11.41,11.43,11.05,11.09,2.45456357E8,7.82347097E8
2020-07-23,11.56,11.69,11.34,11.4,2.45506345E8,8.04364676E8
2020-07-22,11.17,11.64,11.08,11.56,2.35753231E8,8.15338424E8
2020-07-21,10.4,11.36,10.36,11.17,2.73392782E8,7.87702935E8
2020-07-20,10.64,10.67,10.38,10.4,1.60489697E8,7.33866783E8
2020-07-19,10.54,10.64,10.42,10.63,1.51392681E8,7.50169656E8
2020-07-18,10.59,10.66,10.49,10.54,1.57821212E8,7.43175927E8
2020-07-17,10.7,10.77,10.54,10.6,1.58743421E8,7.47702749E8
2020-07-16,10.99,11.02,10.45,10.69,2.09882278E8,7.53951985E8
2020-07-15,10.83,11.35,10.83,10.98,2.41189204E8,7.74779283E8
2020-07-14,10.69,11.02,10.4,10.84,2.16400091E8,7.64539985E8
2020-07-13,10.78,11.18,10.55,10.69,2.47490495E8,7.54382155E8
2020-07-12,10.76,10.9,10.54,10.78,2.04663086E8,7.60397457E8
2020-07-11,10.52,10.9,10.44,10.76,2.45187858E8,7.58817481E8
2020-07-10,10.81,10.81,10.34,10.52,2.32407571E8,7.42081908E8
2020-07-09,11.07,11.24,10.59,10.81,2.51174576E8,7.62460055E8
2020-07-08,10.53,11.21,10.47,11.07,2.89682938E8,7.80847867E8
2020-07-07,10.56,10.62,10.22,10.51,2.13585229E8,7.41052699E8
2020-07-06,10.06,10.59,10.06,10.56,2.3671587E8,7.44920715E8
2020-07-05,9.95,10.06,9.71,10.06,1.84756291E8,7.09624837E8
2020-07-04,9.8,9.99,9.79,9.96,1.6274775E8,7.0253905E8
2020-07-03,10.06,10.07,9.78,9.81,1.55216023E8,6.91731656E8
2020-07-02,10.15,10.27,9.83,10.06,1.75906285E8,7.09661606E8
2020-07-01,10.04,10.27,9.96,10.15,2.12800588E8,7.16200236E8
2020-06-30,10.21,10.28,10.0,10.04,2.11748739E8,7.08343049E8
2020-06-29,10.07,10.28,9.98,10.21,2.8083718E8,7.20432647E8
2020-06-28,9.75,10.24,9.65,10.07,2.77851495E8,7.10678584E8
2020-06-27,10.19,10.32,9.54,9.75,2.96221949E8,6.87514776E8
2020-06-26,10.35,10.41,10.05,10.2,2.84410047E8,7.19587871E8
2020-06-25,10.49,10.53,10.09,10.35,3.01842773E8,7.30117955E8
2020-06-24,10.95,11.2,10.34,10.49,3.5716447E8,7.4010687E8
2020-06-23,10.78,11.21,10.6,10.94,3.62250215E8,7.71616398E8
2020-06-22,10.31,10.81,10.3,10.78,3.69754221E8,7.60324055E8
2020-06-21,10.27,10.57,10.23,10.3,3.07723824E8,7.26516426E8
2020-06-20,10.21,10.35,10.09,10.27,3.00608225E8,7.24482253E8
2020-06-19,10.45,10.46,10.19,10.21,3.19740985E8,7.20038871E8
2020-06-18,10.6,10.63,10.31,10.44,3.28763442E8,7.36147528E8
2020-06-17,10.58,10.86,10.37,10.6,3.70454317E8,7.47700286E8
2020-06-16,10.43,10.67,10.39,10.58,3.49238901E8,7.46498086E8
2020-06-15,10.68,10.68,9.79,10.44,4.20966359E8,7.36434844E8
2020-06-14,11.09,11.11,10.59,10.68,3.41288186E8,7.53105273E8
2020-06-13,10.96,11.13,10.78,11.09,3.65221986E8,7.82406163E8
2020-06-12,10.75,11.2,10.58,10.95,4.00454688E8,7.72365037E8
2020-06-11,11.94,12.01,10.65,10.75,3.68142911E8,7.58642346E8
2020-06-10,12.05,12.27,11.83,11.94,4.20079955E8,8.41939724E8
2020-06-09,11.64,12.15,11.47,12.06,4.19568944E8,8.50363808E8
2020-06-08,11.78,11.82,11.52,11.64,3.53175046E8,8.21393661E8
2020-06-07,11.79,11.98,11.41,11.78,4.28452418E8,8.31035877E8
2020-06-06,11.87,11.98,11.51,11.79,4.18551339E8,8.31790902E8
2020-06-05,12.19,12.26,11.86,11.87,4.50464874E8,8.3714294E8
2020-06-04,12.37,12.46,11.83,12.19,4.90396228E8,8.59910443E8
2020-06-03,12.1,12.51,11.77,12.37,5.2824762E8,8.72822533E8
2020-06-02,12.41,13.11,11.58,12.1,7.21254489E8,8.5323376E8
2020-06-01,10.96,12.65,10.92,12.42,7.83678511E8,8.76379172E8
2020-05-31,11.0,11.79,10.62,10.97,5.56328983E8,7.73577807E8
2020-05-30,10.26,11.07,10.16,11.01,4.87188424E8,7.76701795E8
2020-05-29,10.4,10.47,10.11,10.26,3.73111108E8,7.23393401E8
2020-05-28,10.03,10.4,9.97,10.39,3.82427009E8,7.33227911E8
2020-05-27,9.93,10.21,9.92,10.02,3.62944806E8,7.06953924E8
2020-05-26,9.92,10.13,9.64,9.92,3.85779981E8,6.99978152E8
2020-05-25,9.72,9.98,9.62,9.94,3.66727302E8,7.01038394E8
2020-05-24,10.24,10.32,9.72,9.73,3.14447355E8,6.86324962E8
2020-05-23,10.39,10.46,10.14,10.24,3.52581209E8,7.22279599E8
2020-05-22,9.57,10.56,9.44,10.39,4.87140864E8,7.32980681E8
2020-05-21,10.13,10.18,9.27,9.58,3.95341395E8,6.75691237E8
2020-05-20,10.27,10.39,10.02,10.13,4.05751025E8,7.14602662E8
2020-05-19,10.25,10.28,9.87,10.27,4.62088018E8,7.24659697E8
2020-05-18,10.18,10.52,10.16,10.25,5.31778473E8,7.22799241E8
2020-05-17,9.99,10.42,9.97,10.17,5.3384435E8,7.17499584E8
2020-05-16,10.05,10.15,9.91,9.99,5.03683224E8,7.04982243E8
2020-05-15,10.16,10.24,9.9,10.05,6.05019837E8,7.08865333E8
2020-05-14,10.27,10.49,10.0,10.17,6.39858127E8,7.17098772E8
2020-05-13,10.0,10.43,9.87,10.29,5.70288242E8,7.25876334E8
2020-05-12,9.67,10.19,9.61,9.98,6.24959646E8,7.04084636E8
2020-05-11,9.78,10.11,9.44,9.66,9.30046029E8,6.81155156E8
2020-05-10,11.07,11.07,9.42,9.78,1.114288546E9,6.89554887E8
2020-05-09,11.36,11.56,10.78,11.05,1.080862774E9,7.79162424E8
2020-05-08,9.9,11.7,9.83,11.41,1.047286451E9,8.04645172E8
2020-05-07,9.29,9.95,9.17,9.9,8.67621425E8,6.98022467E8
2020-05-06,9.1,9.47,9.06,9.28,7.72791299E8,6.54357534E8
2020-05-05,9.06,9.2,8.96,9.1,7.21959297E8,6.42053E8
2020-05-04,9.08,9.13,8.72,9.06,7.50399793E8,6.3908013E8
2020-05-03,9.24,9.33,8.87,9.08,7.36471837E8,6.40515387E8
2020-05-02,9.08,9.29,9.01,9.24,6.76064634E8,6.51625204E8
2020-05-01,8.93,9.39,8.93,9.07,7.61060477E8,6.39833541E8
2020-04-30,9.26,9.6,8.83,8.93,8.80989687E8,6.29895971E8
2020-04-29,8.53,9.31,8.52,9.26,8.1806909E8,6.52990377E8
2020-04-28,8.44,8.61,8.34,8.53,6.12355217E8,6.01812609E8
2020-04-27,8.63,8.69,8.27,8.44,5.65532475E8,5.95358359E8
2020-04-26,8.47,8.7,8.38,8.63,6.15241318E8,6.08729346E8
2020-04-25,8.14,8.62,8.02,8.47,6.10982739E8,5.97669801E8
2020-04-24,7.83,8.29,7.82,8.13,5.74537854E8,5.73339194E8
2020-04-23,7.54,7.89,7.47,7.81,5.37381727E8,5.51065196E8
2020-04-22,7.27,7.63,7.25,7.53,4.08538795E8,5.31163475E8
2020-04-21,7.27,7.37,7.21,7.28,3.62488355E8,5.13284862E8
2020-04-20,7.68,7.84,7.21,7.27,4.63328413E8,5.12747554E8
2020-04-19,7.88,7.94,7.59,7.68,4.59044662E8,5.41629973E8
2020-04-18,7.54,7.91,7.53,7.88,4.49104389E8,5.55896058E8
2020-04-17,7.63,7.63,7.47,7.53,4.00604009E8,5.31013901E8
2020-04-16,7.01,7.64,6.9,7.62,4.97481164E8,5.37450141E8
2020-04-15,7.23,7.37,6.98,7.0,3.85969361E8,4.93693794E8
2020-04-14,7.29,7.4,7.19,7.23,3.76998764E8,5.1007633E8
2020-04-13,7.47,7.47,7.1,7.28,3.76444404E8,5.13722879E8
2020-04-12,7.29,7.66,7.21,7.45,3.52631545E8,5.25231398E8
2020-04-11,7.31,7.51,7.18,7.29,3.23630599E8,5.13991236E8
2020-04-10,8.04,8.04,7.18,7.3,3.51731156E8,5.14753412E8
2020-04-09,7.97,8.15,7.88,8.05,3.8673204E8,5.67760286E8
2020-04-08,7.7,8.02,7.65,7.97,3.95447113E8,5.62544343E8
2020-04-07,7.76,8.08,7.55,7.7,4.79476548E8,5.43164966E8
2020-04-06,7.05,7.78,7.04,7.77,5.74846079E8,5.47809823E8
2020-04-05,7.21,7.23,6.96,7.05,4.20592073E8,4.97590674E8
2020-04-04,7.02,7.22,6.92,7.21,4.6674998E8,5.08262363E8
2020-04-03,7.0,7.23,6.93,7.03,4.58186051E8,4.95872649E8
2020-04-02,6.81,7.23,6.8,7.0,5.30449713E8,4.93480795E8
2020-04-01,6.8,6.83,6.45,6.83,4.66332955E8,4.81970437E8
2020-03-31,6.62,6.87,6.55,6.8,4.8942989E8,4.79620296E8
2020-03-30,6.2,6.68,6.2,6.63,4.15054471E8,4.67814448E8
2020-03-29,6.63,6.65,6.17,6.21,3.78906513E8,4.37979314E8
2020-03-28,6.62,6.71,6.27,6.63,4.32364413E8,4.67335955E8
2020-03-27,7.02,7.11,6.63,6.63,4.01778994E8,4.67384277E8
2020-03-26,6.91,7.01,6.75,7.01,4.24618335E8,4.9477624E8
2020-03-25,6.88,7.03,6.68,6.92,4.72563994E8,4.87798114E8
2020-03-24,6.6,6.95,6.56,6.88,4.88187619E8,4.85564084E8
2020-03-23,5.96,6.6,5.9,6.6,4.77583014E8,4.65590311E8
2020-03-22,6.24,6.41,5.89,5.97,4.58067382E8,4.20830512E8
2020-03-21,6.26,6.35,5.91,6.24,4.55759019E8,4.39876633E8
2020-03-20,6.51,7.15,5.87,6.27,6.07803568E8,4.42001572E8
2020-03-19,5.55,6.73,5.55,6.51,5.54483051E8,4.59164177E8
2020-03-18,5.51,5.6,5.41,5.55,4.71171439E8,3.91217332E8
2020-03-17,5.36,5.81,5.35,5.53,4.48442249E8,3.90363127E8
2020-03-16,6.0,6.01,5.02,5.38,4.40787312E8,3.79303109E8
2020-03-15,5.77,6.35,5.73,6.0,5.0045601E8,4.23564302E8
2020-03-14,6.18,6.27,5.69,5.78,4.35778069E8,4.07484665E8
2020-03-13,5.89,6.62,4.23,6.17,7.56380797E8,4.35092006E8
2020-03-12,9.41,9.51,5.83,5.9,6.85086893E8,4.16467384E8
2020-03-11,9.87,9.99,8.88,9.41,7.11924739E8,6.63446332E8
2020-03-10,9.9,10.17,9.71,9.87,8.00172702E8,6.96283472E8
2020-03-09,10.11,10.31,9.43,9.87,8.82419084E8,6.96382232E8
2020-03-08,11.62,11.62,10.1,10.13,7.77840481E8,7.14399873E8
2020-03-07,12.34,12.39,11.62,11.62,7.3175719E8,8.19819986E8
2020-03-06,12.1,12.35,11.96,12.35,8.57216301E8,8.70833842E8
2020-03-05,11.74,12.38,11.74,12.09,7.72846232E8,8.52607657E8
2020-03-04,11.59,11.97,11.54,11.75,8.58299327E8,8.28740119E8
2020-03-03,12.0,12.03,11.47,11.59,1.123086505E9,8.17560174E8
2020-03-02,11.35,12.17,11.21,12.0,1.012672489E9,8.46635064E8
2020-03-01,11.19,11.83,11.12,11.37,7.57272181E8,8.01741237E8
2020-02-29,11.27,11.49,10.95,11.2,7.41943845E8,7.89886314E8
2020-02-28,11.44,11.63,10.72,11.27,7.82179309E8,7.94690612E8
2020-02-27,11.04,11.65,10.46,11.45,8.18054156E8,8.07385702E8
2020-02-26,12.43,12.5,10.9,11.03,8.50441769E8,7.77773459E8
2020-02-25,13.35,13.52,12.37,12.44,8.10792453E8,8.77352597E8
2020-02-24,14.32,14.39,13.08,13.36,8.15716115E8,9.42399481E8
2020-02-23,13.78,14.38,13.74,14.33,8.14425406E8,1.010670403E9
2020-02-22,14.04,14.08,13.58,13.77,7.50996069E8,9.71632181E8
2020-02-21,14.06,14.27,13.75,14.04,8.31603243E8,9.90495966E8
2020-02-20,14.06,14.35,13.61,14.07,9.64100265E8,9.9219565E8
2020-02-19,15.46,15.5,13.97,14.09,8.90069986E8,9.94024607E8
2020-02-18,14.99,15.53,14.41,15.46,9.62417621E8,1.090294078E9
2020-02-17,14.71,15.12,13.52,15.0,1.113020823E9,1.058240092E9
2020-02-16,15.02,15.84,13.63,14.77,1.183219698E9,1.042133346E9
2020-02-15,16.66,16.73,14.65,15.0,1.088765422E9,1.058122635E9
2020-02-14,15.13,16.68,14.91,16.68,1.112141628E9,1.176297574E9
2020-02-13,14.82,15.83,14.61,15.12,1.092356281E9,1.066803639E9
2020-02-12,13.78,15.25,13.77,14.82,9.71758364E8,1.045676817E9
2020-02-11,13.6,13.9,13.02,13.78,8.27216001E8,9.71890906E8
2020-02-10,14.16,14.26,13.24,13.6,9.5875864E8,9.59036478E8
2020-02-09,12.68,14.14,12.68,14.14,9.15803272E8,9.97111567E8
2020-02-08,12.8,13.01,12.25,12.7,7.19998979E8,8.95964826E8
2020-02-07,12.9,13.22,12.69,12.79,7.35322951E8,9.0229835E8
2020-02-06,12.75,13.18,12.48,12.88,6.89359977E8,9.08227133E8
2020-02-05,12.17,12.86,12.1,12.75,6.99667651E8,8.99691108E8
2020-02-04,11.88,12.3,11.57,12.17,5.25024477E8,8.58792142E8
2020-02-03,12.07,12.27,11.78,11.88,5.0408531E8,8.38234563E8
2020-02-02,11.44,12.48,11.25,12.07,6.10120618E8,8.51110871E8
2020-02-01,11.48,11.62,11.23,11.44,4.47550231E8,8.06924085E8
2020-01-31,11.75,11.75,11.15,11.47,4.74698228E8,8.09033027E8
2020-01-30,11.24,11.8,10.93,11.74,5.12721541E8,8.28379423E8
2020-01-29,11.39,11.69,11.25,11.25,4.7061623E8,7.93310167E8
2020-01-28,11.12,11.39,11.03,11.38,4.5676614E8,8.03023012E8
2020-01-27,10.79,11.27,10.72,11.12,4.86387846E8,7.84454525E8
2020-01-26,10.37,10.79,10.31,10.79,4.04980625E8,7.61197052E8
2020-01-25,10.54,10.55,10.25,10.38,3.85598906E8,7.32042427E8
2020-01-24,10.6,10.67,10.18,10.54,4.31976783E8,7.43631121E8
2020-01-23,11.25,11.26,10.44,10.59,4.69032837E8,7.47269106E8
2020-01-22,11.21,11.36,11.15,11.24,4.27437898E8,7.92531607E8
2020-01-21,11.14,11.29,10.9,11.22,4.39099246E8,7.91311089E8
2020-01-20,11.23,11.33,10.87,11.14,4.57576088E8,7.85962924E8
2020-01-19,11.9,12.16,10.88,11.24,5.65130675E8,7.92985473E8
2020-01-18,11.88,12.3,11.35,11.9,6.40055893E8,8.39211044E8
2020-01-17,11.28,11.93,11.18,11.89,6.1365022E8,8.38848785E8
2020-01-16,11.41,11.55,10.78,11.27,5.57155121E8,7.95027478E8
2020-01-15,11.22,11.89,10.89,11.42,6.88138212E8,8.05615914E8
2020-01-14,10.06,11.57,10.04,11.24,6.82255589E8,7.92731466E8
2020-01-13,10.28,10.3,9.81,10.06,4.03409327E8,7.09734345E8
2020-01-12,9.72,10.41,9.67,10.27,4.5912769E8,7.24098648E8
2020-01-11,9.86,9.99,9.6,9.72,4.23065242E8,6.85741235E8
2020-01-10,9.44,9.86,9.09,9.86,4.09988928E8,6.95690645E8
2020-01-09,9.52,9.52,9.36,9.44,3.57091292E8,6.65893525E8
2020-01-08,9.82,10.1,9.43,9.53,4.70741967E8,6.71929024E8
2020-01-07,9.78,9.91,9.45,9.82,4.79929669E8,6.92822056E8
2020-01-06,9.08,9.82,9.07,9.77,4.86188491E8,6.89404655E8
2020-01-05,9.14,9.33,9.05,9.07,4.06708915E8,6.39703566E8
2020-01-04,8.89,9.15,8.82,9.15,3.5886119E8,6.45616187E8
2020-01-03,8.5,9.03,8.38,8.89,3.71142358E8,6.26917156E8
2020-01-02,8.85,8.85,8.44,8.49,3.27241775E8,5.9915262E8
2020-01-01,8.68,9.0,8.63,8.85,3.40927447E8,6.24197831E8
2019-12-31,9.02,9.08,8.63,8.69,3.55254392E8,6.12871331E8
2019-12-30,9.25,9.32,8.95,9.02,3.83434459E8,6.36276389E8
2019-12-29,8.79,9.39,8.77,9.25,4.40624015E8,6.52749972E8
2019-12-28,8.78,8.86,8.72,8.79,3.43732112E8,6.20317955E8
2019-12-27,8.56,8.87,8.55,8.78,3.55073901E8,6.19384106E8
2019-12-26,8.69,8.79,8.56,8.56,3.66442609E8,6.0377909E8
2019-12-25,8.79,8.8,8.53,8.69,3.86405336E8,6.13130765E8
2019-12-24,8.58,8.95,8.52,8.78,4.12815357E8,6.19159028E8
2019-12-23,8.92,9.02,8.57,8.59,4.3118813E8,6.05672723E8
2019-12-22,8.56,8.92,8.56,8.92,4.07879217E8,6.28873655E8
2019-12-21,8.66,8.66,8.48,8.56,3.6382402E8,6.03956214E8
2019-12-20,8.66,8.72,8.54,8.65,3.80714679E8,6.10463412E8
2019-12-19,8.81,8.87,8.49,8.67,4.05643371E8,6.11376701E8
2019-12-18,7.9,8.87,7.83,8.8,5.11424967E8,6.21082813E8
2019-12-17,8.4,8.44,7.8,7.9,4.23480194E8,5.56951504E8
2019-12-16,8.97,9.03,8.35,8.4,4.36140051E8,5.92532816E8
2019-12-15,8.87,9.02,8.51,8.96,4.26974845E8,6.32257321E8
2019-12-14,8.91,9.18,8.75,8.87,4.42529018E8,6.25432901E8
2019-12-13,8.68,9.13,8.63,8.91,4.27290538E8,6.28843465E8
2019-12-12,8.54,8.69,8.41,8.67,4.5282864E8,6.11747342E8
2019-12-11,8.62,8.73,8.47,8.54,2.9923399E8,6.0271508E8
2019-12-10,8.79,8.79,8.52,8.62,3.07202597E8,6.07764044E8
2019-12-09,9.09,9.15,8.73,8.79,2.92727008E8,6.19772885E8
2019-12-08,8.99,9.22,8.87,9.09,3.05831753E8,6.4123653E8
2019-12-07,8.77,9.26,8.77,8.99,3.32957949E8,6.34037458E8
2019-12-06,8.82,8.86,8.68,8.77,2.97307062E8,6.18481282E8
2019-12-05,8.7,9.08,8.57,8.81,3.28984103E8,6.21448861E8
2019-12-04,8.99,9.09,8.63,8.72,3.35103295E8,6.14878794E8
2019-12-03,8.97,9.19,8.82,8.99,3.03309098E8,6.34275741E8
2019-12-02,9.28,9.36,8.86,8.97,3.35056258E8,6.32766865E8
2019-12-01,9.37,9.5,8.98,9.29,3.1346875E8,6.55229253E8
2019-11-30,9.77,9.89,9.27,9.38,3.67196454E8,6.61333408E8
2019-11-29,9.33,9.9,9.32,9.76,3.8198278E8,6.88774821E8
2019-11-28,9.49,9.65,9.3,9.32,3.49185109E8,6.57404641E8
2019-11-27,9.31,9.69,8.86,9.49,4.10238361E8,6.69553971E8
2019-11-26,9.13,9.41,9.03,9.34,3.72281335E8,6.5909609E8
2019-11-25,9.16,9.51,8.41,9.13,4.4699761E8,6.44270091E8
2019-11-24,10.14,10.14,9.15,9.15,4.00062693E8,6.45495988E8
2019-11-23,9.7,10.17,9.52,10.14,4.34460433E8,7.15096285E8
2019-11-22,11.06,11.19,9.38,9.7,5.43155922E8,6.83948868E8
2019-11-21,11.55,11.59,10.67,11.06,5.04284931E8,7.80164032E8
2019-11-20,11.8,12.1,11.42,11.55,4.8532243E8,8.14828656E8
2019-11-19,11.48,11.86,11.17,11.79,4.98226128E8,8.31577955E8
2019-11-18,12.17,12.18,11.26,11.48,4.68423965E8,8.10097168E8
2019-11-17,12.47,12.48,12.1,12.17,4.11707985E8,8.58760423E8
2019-11-16,12.05,12.61,11.92,12.47,4.23454412E8,8.79858648E8
2019-11-15,12.73,12.94,11.88,12.05,4.94087825E8,8.49891531E8
2019-11-14,13.2,13.38,12.59,12.72,5.44059923E8,8.96961112E8
2019-11-13,12.14,13.42,12.02,13.2,6.39687544E8,9.3114354E8
2019-11-12,11.17,12.51,11.16,12.15,6.82544643E8,8.56946892E8
2019-11-11,11.05,11.42,10.67,11.17,4.57016653E8,7.87887271E8
2019-11-10,10.7,11.28,10.64,11.05,4.2216361E8,7.791889E8
2019-11-09,10.66,10.82,10.6,10.69,3.55876094E8,7.54069959E8
2019-11-08,11.19,11.22,10.49,10.67,4.35911575E8,7.52520436E8
2019-11-07,11.1,11.23,10.81,11.2,4.46206619E8,7.89893852E8
2019-11-06,11.18,11.36,11.01,11.1,4.58272027E8,7.83131127E8
2019-11-05,11.46,11.46,11.04,11.18,5.10035838E8,7.88868269E8
2019-11-04,11.07,11.66,10.99,11.46,5.34808365E8,8.08054262E8
2019-11-03,11.02,11.17,10.75,11.07,4.63777668E8,7.81207003E8
2019-11-02,10.65,11.32,10.64,11.02,5.32232113E8,7.77315201E8
2019-11-01,10.62,10.73,10.37,10.65,4.61750014E8,7.51172316E8
2019-10-31,11.28,11.38,10.3,10.62,5.59840042E8,7.49249755E8
2019-10-30,10.79,11.53,10.18,11.26,6.46768897E8,7.94599652E8
2019-10-29,10.78,11.31,10.44,10.77,5.86713879E8,7.5998228E8
2019-10-28,11.54,13.18,10.49,10.78,9.70711177E8,7.60679061E8
2019-10-27,9.09,12.32,9.09,11.54,1.153240925E9,8.1412867E8
2019-10-26,7.81,9.07,7.81,9.06,6.01179932E8,6.39124612E8
2019-10-25,7.05,7.82,6.91,7.81,3.35186191E8,5.50904572E8
2019-10-24,6.92,7.12,6.82,7.04,2.29632843E8,4.96881975E8
2019-10-23,7.3,7.31,6.77,6.93,2.57772716E8,4.88566666E8
2019-10-22,7.43,7.53,7.3,7.3,2.30969582E8,5.15099459E8
2019-10-21,7.32,7.47,7.25,7.43,2.40894924E8,5.24010859E8
2019-10-20,7.16,7.38,7.1,7.32,2.17855921E8,5.1654326E8
2019-10-19,7.14,7.22,7.1,7.16,2.09238234E8,5.04755827E8
2019-10-18,7.29,7.34,7.03,7.13,2.27534484E8,5.02976612E8
2019-10-17,7.05,7.29,6.95,7.29,2.27322674E8,5.1399611E8
2019-10-16,7.41,7.48,6.89,7.05,2.60428217E8,4.9696371E8
2019-10-15,7.51,7.59,7.31,7.4,2.53780233E8,5.2221454E8
2019-10-14,7.35,7.5,7.33,7.47,2.36139714E8,5.26945921E8
2019-10-13,7.29,7.51,7.27,7.35,2.26085348E8,5.18535834E8
2019-10-12,7.31,7.44,7.26,7.3,2.33242583E8,5.14654844E8
2019-10-11,7.51,7.61,7.3,7.31,2.63183654E8,5.15581815E8
2019-10-10,7.8,7.81,7.42,7.51,2.6383433E8,5.29840871E8
2019-10-09,7.56,7.82,7.46,7.8,2.85281425E8,5.50109041E8
2019-10-08,7.53,7.62,7.39,7.56,2.19794931E8,5.33365683E8
2019-10-07,7.24,7.59,7.18,7.52,2.58797335E8,5.30480482E8
2019-10-06,7.37,7.41,7.16,7.24,2.29672034E8,5.10992646E8
2019-10-05,7.43,7.47,7.25,7.36,2.28270593E8,5.19156687E8
2019-10-04,7.37,7.52,7.28,7.43,2.38289706E8,5.24214242E8
2019-10-03,7.66,7.67,7.25,7.36,2.34976156E8,5.19453176E8
2019-10-02,7.53,7.67,7.4,7.67,2.48434248E8,5.40742563E8
2019-10-01,7.6,8.02,7.51,7.53,2.97675738E8,5.3142254E8
2019-09-30,7.18,7.6,7.0,7.6,3.07006068E8,5.36176066E8
2019-09-29,7.37,7.38,7.04,7.18,2.62781713E8,5.06745353E8
2019-09-28,7.4,7.57,7.26,7.37,2.72160071E8,5.20220232E8
2019-09-27,7.18,7.48,7.07,7.39,2.9698493E8,5.21071247E8
2019-09-26,7.49,7.53,6.83,7.18,3.13793759E8,5.0644303E8
2019-09-25,7.32,7.6,7.04,7.5,3.39839046E8,5.29094606E8
2019-09-24,8.66,8.79,7.12,7.32,3.40879542E8,5.16448197E8
2019-09-23,9.13,9.15,8.65,8.66,2.69956482E8,6.10759543E8
2019-09-22,9.45,9.45,9.07,9.12,2.67115363E8,6.43616174E8
2019-09-21,9.56,9.66,9.42,9.45,2.63220495E8,6.66633329E8
2019-09-20,9.76,9.79,9.4,9.55,2.9159578E8,6.73661281E8
2019-09-19,10.16,10.17,9.41,9.74,3.66588908E8,6.87354952E8
2019-09-18,9.58,10.34,9.57,10.15,3.5594866E8,7.16290076E8
2019-09-17,9.1,9.82,9.09,9.58,3.2001764E8,6.75511639E8
2019-09-16,9.12,9.26,8.96,9.09,2.49030469E8,6.41280813E8
2019-09-15,9.13,9.19,9.06,9.11,2.21001646E8,6.42481534E8
2019-09-14,8.96,9.19,8.92,9.13,2.31388006E8,6.442101E8
2019-09-13,9.03,9.06,8.86,8.96,2.21836448E8,6.3231758E8
2019-09-12,8.84,9.06,8.78,9.04,2.37762587E8,6.37495426E8
2019-09-11,8.88,8.97,8.73,8.82,2.37069094E8,6.22279987E8
2019-09-10,9.13,9.21,8.78,8.87,2.35097643E8,6.25901566E8
2019-09-09,9.31,9.35,8.9,9.13,2.51167103E8,6.44141112E8
2019-09-08,9.13,9.33,9.05,9.3,2.42131523E8,6.56020815E8
2019-09-07,8.74,9.24,8.73,9.13,2.46660018E8,6.43766785E8
2019-09-06,9.01,9.28,8.7,8.74,2.68067859E8,6.16166487E8
2019-09-05,9.08,9.09,8.81,9.01,2.37600624E8,6.35253717E8
2019-09-04,9.3,9.31,9.02,9.09,2.30107282E8,6.40861597E8
2019-09-03,9.15,9.37,9.09,9.3,2.41655994E8,6.55888043E8
2019-09-02,8.8,9.23,8.77,9.15,2.27666511E8,6.45598698E8
2019-09-01,8.82,8.89,8.69,8.8,2.02957135E8,6.20552317E8
2019-08-31,8.76,8.9,8.63,8.82,2.16947467E8,6.22362487E8
2019-08-30,8.77,8.92,8.69,8.76,2.14238128E8,6.18155575E8
2019-08-29,9.15,9.15,8.57,8.77,2.50243082E8,6.1894271E8
2019-08-28,9.59,9.63,9.06,9.15,2.61538515E8,6.45085931E8
2019-08-27,9.84,9.86,9.51,9.59,2.29267697E8,6.7628807E8
2019-08-26,9.65,9.91,9.65,9.85,2.47179371E8,6.94491756E8
2019-08-25,10.13,10.14,9.51,9.66,2.38063246E8,6.81634894E8
2019-08-24,9.91,10.28,9.67,10.13,2.62868658E8,7.14215772E8
2019-08-23,9.82,10.05,9.7,9.91,2.44227518E8,6.98942894E8
2019-08-22,9.42,9.9,9.26,9.82,2.7967704E8,6.9284451E8
2019-08-21,9.91,9.93,9.24,9.42,2.72825976E8,6.64677177E8
2019-08-20,10.15,10.17,9.77,9.9,2.37645792E8,6.98240395E8
2019-08-19,9.88,10.17,9.84,10.17,2.39845356E8,7.17054208E8
2019-08-18,9.67,10.06,9.57,9.88,2.32179408E8,6.96953952E8
2019-08-17,9.84,9.87,9.53,9.68,2.31786463E8,6.82891038E8
2019-08-16,9.92,10.03,9.52,9.84,2.82250238E8,6.9404927E8
2019-08-15,9.39,10.0,9.2,9.92,3.08542813E8,6.99682212E8
2019-08-14,10.47,10.47,9.36,9.38,2.68690818E8,6.61676695E8
2019-08-13,10.69,10.71,10.27,10.49,2.18432095E8,7.39752458E8
2019-08-12,11.08,11.08,10.66,10.69,2.15249968E8,7.54208651E8
2019-08-11,10.61,11.1,10.6,11.09,2.49570405E8,7.82180246E8
2019-08-10,10.39,11.15,10.36,10.6,3.07415114E8,7.4803085E8
2019-08-09,10.87,10.88,10.24,10.39,2.69599467E8,7.32956903E8
2019-08-08,11.32,11.34,10.6,10.87,2.75502109E8,7.66932216E8
2019-08-07,11.34,11.56,11.16,11.32,2.71679897E8,7.98655075E8
2019-08-06,12.08,12.66,11.17,11.33,3.06890935E8,7.99497447E8
2019-08-05,11.93,12.66,11.93,12.07,3.51665015E8,8.51384115E8
2019-08-04,12.11,12.33,11.81,11.95,2.53636013E8,8.42787101E8
2019-08-03,11.67,12.12,11.65,12.06,2.45715715E8,8.50902916E8
2019-08-02,11.89,11.98,11.53,11.67,2.56869659E8,8.2322589E8
2019-08-01,11.74,11.88,11.38,11.88,2.66163364E8,8.37781927E8
2019-07-31,11.26,11.94,11.26,11.73,3.03077876E8,8.27295742E8
2019-07-30,11.28,11.4,11.03,11.25,2.30896499E8,7.93623865E8
2019-07-29,11.27,11.5,11.1,11.27,2.44505932E8,7.95250895E8
2019-07-28,11.35,11.49,10.81,11.25,2.61530492E8,7.93796259E8
2019-07-27,12.0,12.29,11.14,11.34,2.76870039E8,7.99674684E8
2019-07-26,11.97,12.08,11.68,12.01,2.57532219E8,8.47070351E8
2019-07-25,11.81,12.39,11.76,11.95,3.07694366E8,8.43200153E8
2019-07-24,11.27,12.0,10.87,11.81,3.47400345E8,8.33285638E8
2019-07-23,12.07,12.08,11.23,11.27,3.25503669E8,7.94983895E8
2019-07-22,12.96,13.07,11.7,12.08,3.37883306E8,8.52144783E8
2019-07-21,13.42,13.63,12.53,13.0,3.575552E8,9.1683961E8
2019-07-20,13.0,13.78,12.84,13.44,4.36655447E8,9.48046583E8
2019-07-19,13.07,13.19,12.26,13.01,4.66922131E8,9.1790281E8
2019-07-18,10.79,13.38,10.6,13.08,6.34211073E8,9.22522196E8
2019-07-17,10.23,11.26,9.79,10.79,4.8318731E8,7.61161962E8
2019-07-16,12.34,12.59,10.16,10.25,4.30843072E8,7.22751247E8
2019-07-15,12.1,12.5,11.4,12.37,4.95949483E8,8.72296558E8
2019-07-14,14.19,14.29,12.0,12.09,4.9747437E8,8.52593627E8
2019-07-13,15.4,15.42,13.61,14.16,4.85291918E8,9.99127719E8
2019-07-12,14.62,15.51,14.39,15.4,4.74530232E8,1.086327875E9
2019-07-11,16.23,16.23,14.34,14.61,5.23791811E8,1.030535909E9
2019-07-10,17.27,17.43,15.58,16.23,5.62494202E8,1.144532686E9
2019-07-09,17.58,17.99,17.2,17.28,4.79207011E8,1.219160692E9
2019-07-08,17.22,17.64,16.89,17.57,4.46708712E8,1.239022781E9
2019-07-07,16.82,17.25,16.58,17.24,4.72904349E8,1.216041948E9
2019-07-06,17.02,17.47,16.76,16.82,4.93266969E8,1.18638026E9
2019-07-05,17.08,17.45,16.8,17.05,4.92532481E8,1.202705209E9
2019-07-04,18.0,18.08,17.09,17.1,5.18179356E8,1.205943576E9
2019-07-03,17.89,18.11,17.34,17.97,6.27606939E8,1.267888564E9
2019-07-02,16.86,18.21,16.08,17.86,7.47392749E8,1.259856909E9
2019-07-01,16.68,17.2,15.53,16.87,6.78020978E8,1.190105626E9
2019-06-30,18.48,18.55,16.71,16.71,6.37139053E8,1.179050781E9
2019-06-29,18.18,18.98,17.36,18.5,7.21851191E8,1.304809784E9
2019-06-28,16.95,18.63,16.89,18.14,7.61166313E8,1.279389007E9
2019-06-27,19.24,19.98,15.91,16.91,8.48551821E8,1.193066117E9
2019-06-26,19.56,20.83,17.74,19.21,1.180126029E9,1.355402812E9
2019-06-25,17.89,19.62,17.53,19.49,9.24494266E8,1.374479349E9
2019-06-24,16.78,18.3,16.39,17.89,6.95317071E8,1.261781421E9
2019-06-23,17.48,18.66,16.71,16.77,7.19167135E8,1.183242524E9
2019-06-22,14.04,18.76,14.01,17.48,1.060033583E9,1.23326375E9
2019-06-21,13.55,14.05,13.54,14.03,4.13219528E8,9.8963775E8
2019-06-20,13.76,13.78,13.24,13.55,3.82381549E8,9.5583261E8
2019-06-19,13.66,13.96,13.57,13.77,3.5437289E8,9.7115895E8
2019-06-18,14.22,14.25,13.39,13.67,4.12735818E8,9.63934447E8
2019-06-17,14.05,14.74,14.01,14.22,4.30208305E8,1.00284813E9
2019-06-16,14.0,14.52,13.83,14.05,5.51796447E8,9.90993091E8
2019-06-15,13.54,14.36,13.51,13.99,6.00008307E8,9.87007577E8
2019-06-14,13.04,13.54,12.61,13.54,5.53615365E8,9.5524445E8
2019-06-13,12.91,13.57,12.71,13.03,6.2695435E8,9.194593E8
2019-06-12,12.33,13.02,12.16,12.93,5.30500839E8,9.12233768E8
2019-06-11,12.31,12.47,11.8,12.32,4.70455806E8,8.68895183E8
2019-06-10,11.53,12.44,11.41,12.31,5.4791174E8,8.68159378E8
2019-06-09,12.04,12.05,11.28,11.56,4.45779064E8,8.15128353E8
2019-06-08,12.25,12.46,11.76,12.04,4.54249082E8,8.49034844E8
2019-06-07,11.68,12.58,11.53,12.26,5.36119345E8,8.64970451E8
2019-06-06,11.59,11.88,11.15,11.69,4.14101879E8,8.24422683E8
2019-06-05,11.49,11.78,11.29,11.55,5.27658995E8,8.14411121E8
2019-06-04,12.62,12.62,11.09,11.48,6.02631521E8,8.1005078E8
2019-06-03,14.11,14.12,12.6,12.63,5.725064E8,8.90724928E8
2019-06-02,13.74,14.21,13.65,14.13,4.80862892E8,9.18650727E8
2019-06-01,13.56,14.28,13.42,13.69,6.53423818E8,8.89836388E8
2019-05-31,12.71,13.64,12.34,13.57,6.12537618E8,8.81749279E8
2019-05-30,13.52,14.83,12.43,12.73,8.5487866E8,8.27740905E8
2019-05-29,12.67,14.25,11.97,13.52,7.66569892E8,8.78627072E8
2019-05-28,12.49,12.75,12.04,12.64,5.09743018E8,8.21578684E8
2019-05-27,12.0,12.73,11.97,12.46,5.00332109E8,8.10061891E8
2019-05-26,11.45,12.1,11.16,11.98,3.91679153E8,7.7893235E8
2019-05-25,11.54,11.75,11.39,11.48,2.94270172E8,7.46201599E8
2019-05-24,11.43,11.92,11.17,11.52,3.56910019E8,7.49093468E8
2019-05-23,11.24,11.53,10.81,11.46,4.04354637E8,7.45042734E8
2019-05-22,12.17,12.32,11.22,11.23,4.40457314E8,7.29799338E8
2019-05-21,12.06,12.53,11.73,12.16,4.44948406E8,7.90408695E8
2019-05-20,11.79,12.43,10.84,12.08,5.9874307E8,7.85089671E8
2019-05-19,10.76,12.03,10.67,11.8,4.78365061E8,7.67203241E8
2019-05-18,11.2,11.4,10.67,10.75,4.27137843E8,6.98785719E8
2019-05-17,12.01,12.13,10.68,11.21,5.79448577E8,7.2855703E8
2019-05-16,12.78,13.58,11.67,12.0,7.58758086E8,7.79684864E8
2019-05-15,11.03,12.84,11.01,12.8,6.13255603E8,8.32051189E8
2019-05-14,9.83,11.05,9.75,11.03,5.73663143E8,7.17127919E8
2019-05-13,9.33,10.08,9.23,9.82,4.2475053E8,6.37983551E8
2019-05-12,9.9,10.19,9.04,9.33,4.23375082E8,6.06248645E8
2019-05-11,8.81,10.25,8.76,9.85,4.34896039E8,6.40389075E8
2019-05-10,8.62,8.97,8.39,8.77,3.33056924E8,5.69998455E8
2019-05-09,9.02,9.18,8.51,8.63,3.15583603E8,5.60903661E8
2019-05-08,8.93,9.08,8.74,9.03,2.61453876E8,5.87076055E8
2019-05-07,9.15,9.43,8.94,8.94,3.11389252E8,5.80790408E8
2019-05-06,9.27,9.38,8.81,9.19,3.29097747E8,5.97143255E8
2019-05-05,9.44,9.59,9.19,9.28,3.01636302E8,6.03147151E8
2019-05-04,9.97,10.18,9.32,9.45,3.19356152E8,6.13946589E8
2019-05-03,9.86,10.22,9.77,9.99,3.43636066E8,6.49275176E8
2019-05-02,9.74,10.05,9.66,9.89,2.70734263E8,6.42756373E8
2019-05-01,9.76,9.93,9.51,9.74,2.7059613E8,6.32943151E8
2019-04-30,9.45,9.8,9.36,9.8,2.82448203E8,6.37069377E8
2019-04-29,9.33,9.89,9.27,9.43,3.1962043E8,6.13114049E8
2019-04-28,9.49,9.66,9.22,9.3,2.37357918E8,6.04582832E8
2019-04-27,9.39,9.7,9.25,9.49,2.40418064E8,6.16985098E8
2019-04-26,9.54,9.72,9.11,9.41,2.92271242E8,6.11391746E8
2019-04-25,9.94,10.37,9.5,9.56,3.15479886E8,6.2166499E8
2019-04-24,10.4,10.43,9.46,9.96,3.31587896E8,6.47220443E8
2019-04-23,10.82,11.1,10.39,10.4,2.77146329E8,6.75880582E8
2019-04-22,10.55,10.96,10.46,10.82,2.51517856E8,7.03602585E8
2019-04-21,10.92,11.04,10.26,10.55,2.4858223E8,6.85603543E8
2019-04-20,11.1,11.17,10.84,10.95,2.11255816E8,7.11516019E8
2019-04-19,11.28,11.3,10.9,11.1,2.25706881E8,7.21495269E8
2019-04-18,11.0,11.4,10.97,11.27,2.45059781E8,7.32560017E8
2019-04-17,10.96,11.18,10.84,11.01,2.3700116E8,7.15540598E8
2019-04-16,10.74,11.12,10.64,10.96,2.06588825E8,7.12582834E8
2019-04-15,11.3,11.41,10.58,10.73,2.34875496E8,6.97165836E8
2019-04-14,11.09,11.36,10.84,11.3,2.131288E8,7.34427001E8
2019-04-13,11.31,11.38,11.0,11.12,2.03343059E8,7.22600869E8
2019-04-12,11.24,11.58,10.73,11.31,2.44485325E8,7.35241823E8
2019-04-11,12.48,12.48,10.7,11.24,3.16529973E8,7.30876453E8
2019-04-10,12.17,12.78,12.14,12.48,2.64481028E8,8.10996447E8
2019-04-09,12.72,12.72,11.96,12.19,2.57000755E8,7.92655383E8
2019-04-08,12.91,13.25,12.18,12.7,3.10219064E8,8.25317681E8
2019-04-07,13.08,13.3,12.66,12.9,2.6419839E8,8.38234869E8
2019-04-06,13.52,13.55,12.9,13.08,2.64946611E8,8.50512085E8
2019-04-05,12.83,13.73,12.75,13.54,3.34393237E8,8.80053909E8
2019-04-04,12.1,13.61,12.01,12.83,5.25976539E8,8.34225623E8
2019-04-03,11.54,13.61,11.46,12.15,7.13988466E8,7.89824031E8
2019-04-02,10.0,11.58,10.0,11.52,5.54561782E8,7.49068362E8
2019-04-01,9.97,10.05,9.83,10.0,3.29156999E8,6.50294919E8
2019-03-31,9.86,9.97,9.62,9.96,3.02469057E8,6.47384058E8
2019-03-30,9.81,10.32,9.66,9.85,3.57435989E8,6.40464208E8
2019-03-29,9.3,9.81,9.22,9.81,3.29601231E8,6.37684574E8
2019-03-28,9.4,9.41,9.22,9.29,2.5493983E8,6.03864991E8
2019-03-27,8.97,9.43,8.97,9.4,3.06046445E8,6.11111938E8
2019-03-26,8.99,9.03,8.77,8.98,2.77103933E8,5.83781472E8
2019-03-25,9.21,9.35,8.88,9.01,2.83144186E8,5.85376071E8
2019-03-24,9.41,9.43,9.11,9.19,2.77997571E8,5.97121064E8
2019-03-23,9.24,9.42,9.19,9.42,2.51277165E8,6.12098597E8
2019-03-22,9.04,9.36,9.04,9.23,2.97369881E8,6.00207837E8
2019-03-21,9.4,9.43,8.92,9.04,2.99041688E8,5.87353173E8
2019-03-20,9.31,9.41,9.08,9.4,3.13948902E8,6.10708158E8
2019-03-19,9.22,9.35,9.12,9.31,2.65459635E8,6.04901902E8
2019-03-18,9.3,9.38,9.14,9.22,3.5960816E8,5.99587331E8
2019-03-17,9.52,9.55,9.25,9.29,2.84618106E8,6.03828092E8
2019-03-16,9.33,9.74,9.33,9.52,2.89565478E8,6.18921004E8
2019-03-15,9.37,9.41,9.19,9.32,2.40911036E8,6.06052175E8
2019-03-14,9.02,9.4,8.88,9.38,3.2816853E8,6.09381363E8
2019-03-13,8.9,9.18,8.85,9.02,2.99672755E8,5.86399822E8
2019-03-12,8.8,9.01,8.53,8.9,2.68597663E8,5.7833632E8
2019-03-11,8.86,8.92,8.59,8.78,3.13082304E8,5.70864962E8
2019-03-10,9.05,9.09,8.8,8.87,2.90220064E8,5.76572176E8
2019-03-09,8.85,9.17,8.84,9.02,2.97585392E8,5.8627432E8
2019-03-08,9.26,9.29,8.8,8.86,3.26617088E8,5.75866976E8
2019-03-07,8.8,9.33,8.77,9.25,3.07951799E8,6.00947847E8
2019-03-06,8.84,8.91,8.71,8.81,2.82146719E8,5.72348107E8
2019-03-05,8.29,8.9,8.22,8.84,3.01955652E8,5.749085E8
2019-03-04,8.7,8.75,8.14,8.29,3.14165465E8,5.38561512E8
2019-03-03,8.82,8.91,8.67,8.71,2.26822878E8,5.66062627E8
2019-03-02,9.02,9.14,8.79,8.82,2.59087758E8,5.7327385E8
2019-03-01,8.93,9.26,8.87,9.02,2.60838267E8,5.86247389E8
2019-02-28,8.98,9.1,8.91,8.94,2.40794894E8,5.81139519E8
2019-02-27,9.16,9.25,8.78,8.98,2.96811753E8,5.83591214E8
2019-02-26,9.37,9.37,9.01,9.15,3.35598444E8,5.9446141E8
2019-02-25,9.08,9.51,8.96,9.37,3.18263212E8,6.08786824E8
2019-02-24,10.18,10.76,8.73,9.08,5.46178687E8,5.90106576E8
2019-02-23,8.76,10.21,8.65,10.18,3.58802825E8,6.61889387E8
2019-02-22,8.65,8.85,8.65,8.8,1.88250575E8,5.71862702E8
2019-02-21,9.2,9.2,8.6,8.64,2.27003933E8,5.61902748E8
2019-02-20,9.0,9.21,8.87,9.21,2.39088321E8,5.98402688E8
2019-02-19,8.85,9.27,8.8,9.02,2.64778436E8,5.86130568E8
2019-02-18,8.4,8.93,8.25,8.85,2.32315948E8,5.75503154E8
2019-02-17,7.96,8.72,7.95,8.39,2.58499649E8,5.45230967E8
2019-02-16,8.11,8.3,7.93,7.96,1.73410185E8,5.17689602E8
2019-02-15,7.96,8.38,7.9,8.13,1.64623226E8,5.28755366E8
2019-02-14,8.28,8.28,7.84,7.95,1.47559333E8,5.1676556E8
2019-02-13,8.26,8.46,8.22,8.3,1.59400724E8,5.39727161E8
2019-02-12,8.13,8.43,7.98,8.25,1.91455559E8,5.3622658E8
2019-02-11,7.99,8.26,7.77,8.13,1.80322479E8,5.28362887E8
2019-02-10,7.67,7.98,7.59,7.96,1.59699885E8,5.17438261E8
2019-02-09,7.6,7.74,7.52,7.66,1.22279806E8,4.98134612E8
2019-02-08,6.92,7.72,6.89,7.6,1.61363179E8,4.94187454E8
2019-02-07,6.88,6.98,6.86,6.92,9.8062942E7,4.49883575E8
2019-02-06,7.08,7.09,6.82,6.86,1.13960942E8,4.45958917E8
2019-02-05,7.07,7.18,7.06,7.07,1.12713128E8,4.59642249E8
2019-02-04,7.01,7.14,6.99,7.09,1.04145001E8,4.60594124E8
2019-02-03,7.23,7.23,6.97,7.02,1.13281405E8,4.56476196E8
2019-02-02,7.02,7.25,6.94,7.23,1.18178032E8,4.69944267E8
2019-02-01,6.93,7.06,6.82,7.03,1.10514792E8,4.5711316E8
2019-01-31,7.11,7.18,6.85,6.93,1.26570197E8,4.50552499E8
2019-01-30,7.03,7.13,6.91,7.11,1.27490778E8,4.62269051E8
2019-01-29,7.02,7.13,6.79,7.05,1.28674508E8,4.58435139E8
2019-01-28,7.43,7.44,6.88,6.98,1.38166064E8,4.53945209E8
2019-01-27,7.54,7.59,7.29,7.42,1.20602207E8,4.82255538E8
2019-01-26,7.59,7.7,7.5,7.53,9.3847643E7,4.89725391E8
2019-01-25,7.76,7.76,7.51,7.59,1.06034923E8,4.9343117E8
2019-01-24,7.59,7.77,7.53,7.74,9.5665449E7,5.02977301E8
2019-01-23,7.7,7.74,7.55,7.58,9.8520101E7,4.92474942E8
2019-01-22,7.57,7.78,7.35,7.71,1.32491494E8,5.0089622E8
2019-01-21,7.61,7.64,7.48,7.58,1.16729955E8,4.92617156E8
2019-01-20,8.06,8.2,7.52,7.59,1.55380342E8,4.93449297E8
2019-01-19,7.72,8.37,7.72,8.08,1.41779987E8,5.25169067E8
2019-01-18,7.87,7.88,7.62,7.71,1.13409937E8,5.01264109E8
2019-01-17,7.75,7.86,7.57,7.85,1.30902165E8,5.10252346E8
2019-01-16,7.63,7.92,7.58,7.74,1.30166754E8,5.02841001E8
2019-01-15,7.99,8.01,7.53,7.62,1.32412256E8,4.95444729E8
2019-01-14,7.22,7.99,7.22,7.96,1.32180216E8,5.17575816E8
2019-01-13,7.74,7.84,7.16,7.22,1.14403812E8,4.68999891E8
2019-01-12,7.95,7.95,7.71,7.75,1.04462357E8,5.03879545E8
2019-01-11,7.94,8.12,7.78,7.95,1.20581366E8,5.16504205E8
2019-01-10,9.21,9.49,7.7,7.97,1.77262261E8,5.17924325E8
2019-01-09,9.22,9.77,9.16,9.2,1.85427763E8,5.98094197E8
2019-01-08,8.5,9.42,8.34,9.18,1.7365406E8,5.96424505E8
2019-01-07,8.64,8.91,8.4,8.47,1.30619451E8,5.50617746E8
2019-01-06,7.84,8.78,7.68,8.64,1.530431E8,5.61765113E8
2019-01-05,7.62,7.94,7.62,7.84,1.02420264E8,5.0990906E8
2019-01-04,7.67,8.17,7.49,7.63,9.108313E7,4.96248313E8
2019-01-03,8.07,8.09,7.62,7.68,8.55067E7,4.99150574E8
2019-01-02,7.89,8.12,7.75,8.08,1.19182671E8,5.24970059E8
2019-01-01,7.55,7.89,7.45,7.87,1.00037385E8,5.11301111E8
2018-12-31,8.12,8.15,7.42,7.53,1.04180796E8,4.89717925E8
2018-12-30,7.97,8.28,7.86,8.12,1.13712668E8,5.27716103E8
2018-12-29,8.02,8.32,7.74,7.97,1.19973813E8,5.18036133E8
2018-12-28,6.98,8.09,6.86,7.98,1.23245949E8,5.18522039E8
2018-12-27,7.87,7.88,6.91,6.96,1.00876756E8,4.52675268E8
2018-12-26,7.7,8.09,7.37,7.88,1.15818985E8,5.12175989E8
2018-12-25,8.49,8.49,7.27,7.69,1.28604042E8,5.00167827E8
2018-12-24,7.69,9.1,7.69,8.49,2.0650028E8,5.51686421E8
2018-12-23,7.11,8.05,7.11,7.7,1.72563267E8,5.0018016E8
2018-12-22,6.93,7.13,6.78,7.11,1.80836268E8,4.62035446E8
2018-12-21,7.26,7.47,6.7,6.93,1.85729577E8,4.50465496E8
2018-12-20,6.69,7.48,6.69,7.29,1.68613103E8,4.73987448E8
2018-12-19,6.83,7.35,6.7,6.71,1.44157829E8,4.3622776E8
2018-12-18,6.55,6.81,6.36,6.81,9.6404858E7,4.42839631E8
2018-12-17,5.72,6.69,5.72,6.57,1.04423945E8,4.26827322E8
2018-12-16,5.65,5.99,5.64,5.71,8.0240795E7,3.7130854E8
2018-12-15,5.65,5.71,5.5,5.65,6.5620129E7,3.67175999E8
2018-12-14,5.74,5.74,5.55,5.65,9.3988016E7,3.67209871E8
2018-12-13,6.05,6.06,5.65,5.73,1.12211642E8,3.72337618E8
2018-12-12,5.84,6.32,5.82,6.05,1.06740367E8,3.93494996E8
2018-12-11,6.12,6.22,5.77,5.85,9.143863E7,3.80243925E8
2018-12-10,6.4,6.46,6.05,6.12,1.09775487E8,3.97806769E8
2018-12-09,6.04,6.78,6.04,6.41,1.3691693E8,4.16637091E8
2018-12-08,6.06,6.48,5.74,6.05,1.61033524E8,3.93348326E8
2018-12-07,6.06,6.17,5.51,6.08,1.6911136E8,3.95101861E8
2018-12-06,6.99,7.25,6.05,6.05,1.38744932E8,3.93186571E8
2018-12-05,7.62,7.63,7.0,7.0,1.47996551E8,4.54842102E8
2018-12-04,7.34,7.89,7.14,7.61,1.55406465E8,4.94666522E8
2018-12-03,8.0,8.03,7.24,7.35,1.27227094E8,4.78060115E8
2018-12-02,8.17,8.47,7.93,7.96,1.34091442E8,5.17354499E8
2018-12-01,7.73,8.39,7.55,8.19,1.5108104E8,5.32049325E8
2018-11-30,8.48,8.53,7.53,7.71,1.37492882E8,5.01214014E8
2018-11-29,8.37,8.85,8.05,8.44,1.73504509E8,5.48535292E8
2018-11-28,7.25,8.73,7.25,8.39,1.75504E8,5.4514135E8
2018-11-27,7.12,7.3,6.78,7.26,1.26595E8,4.718519E8
2018-11-26,7.69,7.88,6.89,7.14,1.29336E8,4.638166E8
2018-11-25,7.48,7.95,6.73,7.71,1.68973E8,5.0120655E8
2018-11-24,8.56,8.78,7.27,7.48,1.3152E8,4.863313E8
2018-11-23,8.41,8.65,8.04,8.55,1.55044E8,5.554575E8
2018-11-22,9.22,9.3,8.41,8.41,1.66761E8,5.465889E8
2018-11-21,9.01,9.39,8.61,9.21,1.62871E8,5.987137E8
2018-11-20,10.13,10.38,8.17,8.95,2.13977E8,5.819853E8
2018-11-19,12.57,12.57,10.1,10.17,2.33627E8,6.61349E8
2018-11-18,12.4,12.65,12.37,12.59,1.75701E8,8.18532E8
2018-11-17,12.7,12.7,12.31,12.37,1.51395E8,8.042775E8
2018-11-16,13.0,13.07,12.54,12.7,1.48956E8,8.252855E8
2018-11-15,13.53,13.63,12.19,13.0,1.85592E8,8.450065E8
2018-11-14,15.34,15.35,12.82,13.52,1.96751E8,8.788E8
2018-11-13,15.73,15.77,15.3,15.37,1.37967E8,9.99206E8
2018-11-12,16.13,16.13,15.56,15.77,1.61123E8,1.0252255E9
2018-11-11,15.96,16.04,15.52,15.99,1.26121E8,1.0390315E9
2018-11-10,15.94,16.3,15.93,15.97,1.2946E8,1.038323E9
2018-11-09,16.31,16.43,15.89,15.94,1.38562E8,1.036165E9
2018-11-08,16.75,16.77,16.27,16.29,1.54513E8,1.059123E9
2018-11-07,17.01,17.35,16.58,16.73,1.68569E8,1.087502E9
2018-11-06,16.29,17.02,16.22,16.99,1.7498E8,1.1003525E9
2018-11-05,16.6,16.68,16.27,16.29,1.41451E8,1.058902E9
2018-11-04,16.0,16.86,15.83,16.63,1.68143E8,1.080976E9
2018-11-03,16.16,16.18,15.9,15.98,1.24722E8,1.0388495E9
2018-11-02,15.72,16.18,15.72,16.16,1.51665E8,1.05066E9
2018-11-01,15.32,15.73,15.27,15.68,1.31218E8,1.019512E9
2018-10-31,15.25,15.32,14.76,15.3,1.37329E8,9.94786E8
2018-10-30,15.43,15.46,15.11,15.21,1.23947E8,9.88754E8
2018-10-29,16.16,16.22,15.21,15.4,1.42185E8,1.0010975E9
2018-10-28,16.09,16.24,16.02,16.2,1.02821E8,1.0529155E9
2018-10-27,16.21,16.34,15.99,16.04,8.39918E7,1.042509E9
2018-10-26,16.49,16.57,15.99,16.21,1.28714E8,1.0537475E9
2018-10-25,16.72,16.73,16.45,16.52,9.1006E7,1.074099E9
2018-10-24,16.58,16.83,16.48,16.73,1.38539E8,1.087151E9
2018-10-23,16.73,16.79,16.44,16.63,1.69231E8,1.080677E9
2018-10-22,16.48,17.03,16.33,16.74,1.54339E8,1.088061E9
2018-10-21,16.64,16.9,16.43,16.52,2.16587E8,1.0736115E9
2018-10-20,16.48,16.78,16.38,16.65,1.79868E8,1.082263E9
2018-10-19,16.52,16.58,16.18,16.48,1.94625E8,1.0715185E9
2018-10-18,16.66,17.52,16.39,16.53,3.23295E8,1.0744175E9
2018-10-17,16.48,16.84,16.28,16.66,2.55805E8,1.082718E9
2018-10-16,16.32,16.48,16.13,16.41,1.91769E8,1.0667735E9
2018-10-15,15.61,17.0,15.47,16.28,2.5375E8,1.058187E9
2018-10-14,15.76,16.24,15.62,15.66,1.58264E8,1.017757E9
2018-10-13,15.64,15.95,15.64,15.76,1.38117E8,1.0243025E9
2018-10-12,15.41,16.03,15.3,15.63,1.95622E8,1.0157095E9
2018-10-11,18.14,18.15,15.43,15.52,2.2827E8,1.0087285E9
2018-10-10,18.23,18.31,17.83,18.2,1.76005E8,1.182883E9
2018-10-09,18.52,18.55,18.07,18.28,1.623E8,1.1880115E9
2018-10-08,18.13,18.72,18.04,18.45,1.59657E8,1.1994645E9
2018-10-07,17.94,18.18,17.88,18.06,1.43765E8,1.1740625E9
2018-10-06,18.19,18.46,17.82,17.88,9.89812E7,1.1621155E9
2018-10-05,17.95,18.19,17.83,18.16,9.14816E7,1.18014E9
2018-10-04,17.94,18.35,17.91,17.91,1.4754E8,1.164059E9
2018-10-03,18.45,18.49,17.75,17.94,1.23794E8,1.166347E9
2018-10-02,18.66,18.72,18.21,18.5,1.53533E8,1.202461E9
2018-10-01,18.85,19.11,18.36,18.67,1.62321E8,1.213485E9
2018-09-30,19.17,19.22,18.57,18.9,1.41458E8,1.228695E9
2018-09-29,19.12,19.23,18.48,19.16,1.14329E8,1.2452115E9
2018-09-28,19.05,20.35,18.83,19.24,1.86831E8,1.2508795E9
2018-09-27,17.87,19.12,17.65,18.98,1.27495E8,1.2337325E9
2018-09-26,18.11,18.67,17.45,17.88,8.46865E7,1.1621545E9
2018-09-25,18.39,18.39,17.27,18.11,6.60486E7,1.1770525E9
2018-09-24,19.5,19.57,18.21,18.46,7.2185E7,1.2000495E9
2018-09-23,18.83,20.4,18.66,19.5,8.58693E7,1.2677015E9
2018-09-22,19.79,19.93,18.31,18.79,8.04681E7,1.221454E9
2018-09-21,18.24,20.2,17.9,19.73,1.2932E8,1.2826385E9
2018-09-20,17.21,18.34,17.06,18.26,5.45788E7,1.1866855E9
2018-09-19,17.01,17.44,16.45,17.12,5.24949E7,1.1126635E9
2018-09-18,16.66,17.38,16.46,17.01,4.87669E7,1.105455E9
2018-09-17,18.19,18.34,16.46,16.73,6.3922E7,1.087411E9
2018-09-16,18.21,18.27,17.54,18.09,4.69865E7,1.1755575E9
2018-09-15,17.95,18.49,17.79,18.13,5.55089E7,1.178463E9
2018-09-14,18.36,18.76,17.71,17.93,6.211E7,1.1653655E9
2018-09-13,17.77,18.66,17.71,18.2,6.61942E7,1.1828505E9
2018-09-12,17.69,17.86,16.36,17.6,5.84647E7,1.144104E9
2018-09-11,18.54,18.82,17.17,17.6,6.08043E7,1.144182E9
2018-09-10,18.57,18.86,18.24,18.49,5.72068E7,1.2019605E9
2018-09-09,18.12,19.34,17.8,18.45,6.57604E7,1.1990095E9
2018-09-08,19.72,20.18,17.94,18.09,6.11801E7,1.1758305E9
2018-09-07,20.27,20.76,19.13,19.69,8.228E7,1.2800905E9
2018-09-06,19.57,20.4,18.45,20.34,1.14332E8,1.32197E9
2018-09-05,24.19,24.75,19.64,19.66,1.37784E8,1.2778025E9
2018-09-04,22.96,25.03,22.51,24.2,9.8087E7,1.5729935E9
2018-09-03,22.12,23.38,21.23,22.85,7.77968E7,1.485406E9
2018-09-02,22.43,23.1,21.56,21.99,8.73947E7,1.429077E9
2018-09-01,20.21,23.03,20.19,22.5,8.74315E7,1.462786E9
2018-08-31,19.56,20.44,19.09,20.34,6.08579E7,1.321788E9
2018-08-30,19.79,20.21,18.57,19.69,6.28116E7,1.2800775E9
2018-08-29,21.26,21.33,19.63,19.88,8.02807E7,1.2922975E9
2018-08-28,20.6,21.57,19.83,21.26,8.5983E7,1.3822055E9
2018-08-27,17.83,20.6,17.47,20.59,8.5067E7,1.3386685E9
2018-08-26,17.74,17.92,17.03,17.85,4.5759E7,1.160198E9
2018-08-25,17.77,18.42,17.44,17.78,4.46339E7,1.155739E9
2018-08-24,17.77,18.04,17.13,17.79,4.60369E7,1.1561745E9
2018-08-23,16.51,17.69,16.51,17.69,5.03695E7,1.1501685E9
2018-08-22,17.9,19.31,16.18,16.5,6.41498E7,1.072578E9
2018-08-21,17.15,18.21,17.15,17.8,4.59623E7,1.1568635E9
2018-08-20,19.53,19.8,17.15,17.4,6.0671E7,1.1307075E9
2018-08-19,18.68,20.15,17.85,19.5,6.9574E7,1.267786E9
2018-08-18,20.43,20.89,17.47,18.72,8.38593E7,1.2168325E9
2018-08-17,16.16,20.63,16.03,20.45,1.11468E8,1.32912E9
2018-08-16,15.8,17.28,15.63,16.19,5.92346E7,1.052662E9
2018-08-15,16.2,17.51,15.74,15.87,7.17742E7,1.0313745E9
2018-08-14,15.78,16.06,14.12,16.06,7.2739E7,1.0435815E9
2018-08-13,18.51,19.07,15.88,15.88,5.20431E7,1.0322E9
2018-08-12,18.75,19.22,18.32,18.66,4.70891E7,1.2131275E9
2018-08-11,19.94,19.94,17.75,18.71,7.88349E7,1.2163775E9
2018-08-10,22.53,22.82,19.72,19.97,5.54623E7,1.2977705E9
2018-08-09,21.85,23.08,21.14,22.57,5.18444E7,1.4668615E9
2018-08-08,25.17,25.17,21.38,21.82,6.78229E7,1.417988E9
2018-08-07,26.24,27.66,25.04,25.2,6.12212E7,1.637948E9
2018-08-06,27.49,28.38,25.86,26.22,5.52339E7,1.7045665E9
2018-08-05,26.56,27.81,26.15,27.45,4.9751E7,1.784107E9
2018-08-04,28.14,28.88,26.32,26.71,5.7559E7,1.736423E9
2018-08-03,28.45,28.65,26.9,28.19,6.13118E7,1.83209E9
2018-08-02,29.93,30.17,28.13,28.53,5.41527E7,1.8545865E9
2018-08-01,29.97,30.43,28.82,29.89,5.97064E7,1.9426355E9
2018-07-31,32.22,32.26,29.55,30.06,6.93456E7,1.95364E9
2018-07-30,33.53,33.53,31.79,32.28,7.6035E7,2.0982325E9
2018-07-29,34.03,34.32,33.36,33.6,7.1226496E7,2.1840585E9
2018-07-28,33.55,33.75,32.85,33.75,6.77716E7,2.1936265E9
2018-07-27,33.18,33.95,32.34,33.47,7.7205696E7,2.175719E9
2018-07-26,34.21,35.38,32.88,33.24,8.6474304E7,2.160535E9
2018-07-25,33.75,35.07,33.55,34.18,9.20194E7,2.22196E9
2018-07-24,32.2,35.41,31.4,34.05,1.181E8,2.2131915E9
2018-07-23,33.25,34.47,32.19,32.19,8.1723E7,2.0920705E9
2018-07-22,34.26,34.74,32.94,33.28,7.41532E7,2.163096E9
2018-07-21,33.33,35.06,32.53,34.31,8.5597904E7,2.230072E9
2018-07-20,36.06,36.06,33.14,33.38,1.03809E8,2.169986E9
2018-07-19,37.56,37.93,35.7,36.09,9.9780304E7,2.3457915E9
2018-07-18,39.33,40.21,37.11,37.6,1.43288992E8,2.4441365E9
2018-07-17,36.89,39.97,35.81,39.32,1.36894E8,2.556086E9
2018-07-16,33.57,37.09,33.09,37.07,1.28169E8,2.409771E9
2018-07-15,32.48,33.96,32.2,33.41,8.6309504E7,2.171377E9
2018-07-14,33.16,33.55,31.68,32.62,7.4716704E7,2.1200595E9
2018-07-13,31.96,33.91,31.96,33.23,1.27253E8,2.1602685E9
2018-07-12,33.88,33.88,30.79,31.77,1.11093E8,2.065284E9
2018-07-11,33.46,34.56,32.23,33.91,9.8957504E7,2.204293E9
2018-07-10,36.57,36.85,33.32,33.39,1.93408E8,2.1700575E9
2018-07-09,39.1,39.3,36.71,36.78,1.64582E8,2.3905505E9
2018-07-08,39.27,41.73,38.88,39.13,1.5056E8,2.5431575E9
2018-07-07,37.74,39.34,36.45,39.34,8.8447504E7,2.556788E9
2018-07-06,40.59,40.71,36.98,37.65,1.36135008E8,2.4469575E9
2018-07-05,40.49,42.84,39.47,40.74,1.90606E8,2.647983E9
2018-07-04,36.12,42.11,35.38,40.29,2.16351008E8,2.618733E9
2018-07-03,36.02,38.24,35.58,36.1,1.50783008E8,2.3465715E9
2018-07-02,31.35,36.81,31.04,35.98,1.42578E8,2.338674E9
2018-07-01,30.81,31.61,29.76,31.33,7.2319E7,2.0366125E9
2018-06-30,29.7,31.85,29.7,30.64,7.3997696E7,1.9912815E9
2018-06-29,28.36,30.11,27.26,29.64,6.44126E7,1.926483E9
2018-06-28,30.31,30.53,28.23,28.36,5.24127E7,1.843504E9
2018-06-27,30.45,30.58,29.61,30.32,5.30132E7,1.970943E9
2018-06-26,31.63,31.83,30.13,30.31,5.23805E7,1.9699745E9
2018-06-25,31.17,32.58,30.75,31.71,5.88367E7,2.061046E9
2018-06-24,34.24,34.31,29.32,31.27,9.08296E7,2.032459E9
2018-06-23,33.09,34.78,33.06,34.27,5.3422E7,2.22781E9
2018-06-22,37.82,37.85,32.41,33.26,8.4102496E7,2.162212E9
2018-06-21,38.98,39.69,37.45,37.84,7.0598704E7,2.4597885E9
2018-06-20,39.93,40.0,37.95,38.93,7.1498704E7,2.530632E9
2018-06-19,39.63,41.01,39.18,39.94,7.5684096E7,2.5959375E9
2018-06-18,38.74,40.4,37.43,39.7,8.8125504E7,2.5807275E9
2018-06-17,38.57,39.57,38.0,38.76,6.47098E7,2.519387E9
2018-06-16,38.24,39.0,36.99,38.2,6.79138E7,2.483104E9
2018-06-15,40.85,40.94,38.2,38.26,6.8554496E7,2.486796E9
2018-06-14,38.31,41.61,38.06,40.85,1.05352E8,2.655458E9
2018-06-13,41.5,41.81,37.25,38.15,9.80232E7,2.4800035E9
2018-06-12,45.49,46.44,41.11,41.49,8.3302E7,2.696863E9
2018-06-11,45.56,45.92,43.26,45.6,8.57272E7,2.964286E9
2018-06-10,51.13,51.13,44.6,45.71,9.9954096E7,2.9710655E9
2018-06-09,52.56,53.45,51.09,51.09,7.23332E7,3.320759E9
2018-06-08,53.55,53.92,51.99,52.59,7.79898E7,3.4183175E9
2018-06-07,54.01,54.99,53.18,53.82,7.82936E7,3.4981505E9
2018-06-06,54.51,54.61,52.75,53.92,8.15726E7,3.5049365E9
2018-06-05,53.5,54.95,52.09,54.45,9.2081E7,3.539471E9
2018-06-04,56.31,57.1,52.61,53.44,9.18884E7,3.473314E9
2018-06-03,56.65,57.8,55.85,56.42,9.0826096E7,3.6670205E9
2018-06-02,55.63,57.19,54.98,56.76,9.79262E7,3.689673E9
2018-06-01,53.2,56.09,52.95,55.45,1.02577E8,3.6040225E9
2018-05-31,51.44,54.08,50.92,52.93,8.5826E7,3.440333E9
2018-05-30,52.36,53.31,50.53,51.54,8.2723104E7,3.3501845E9
2018-05-29,48.12,53.43,47.96,52.11,1.06526E8,3.3868835E9
2018-05-28,52.86,53.06,47.96,48.26,9.26952E7,3.1369975E9
2018-05-27,52.32,53.03,51.2,52.93,7.6785504E7,3.4406775E9
2018-05-26,52.74,54.32,51.55,52.26,8.4223296E7,3.397082E9
2018-05-25,55.1,56.26,52.01,53.03,9.3827504E7,3.447132E9
2018-05-24,52.36,55.12,50.68,54.76,1.07696E8,3.559166E9
2018-05-23,57.45,57.8,51.81,52.47,1.09642E8,3.410433E9
2018-05-22,62.41,62.5,57.1,57.38,9.52196E7,3.729869E9
2018-05-21,63.59,65.85,60.95,62.46,1.21919E8,4.0599195E9
2018-05-20,59.23,63.77,58.75,63.51,8.93502E7,4.128007E9
2018-05-19,59.66,60.64,58.15,59.17,7.9662304E7,3.845907E9
2018-05-18,57.72,60.28,56.99,59.68,9.4202E7,3.8791025E9
2018-05-17,61.94,63.22,57.18,57.82,9.66066E7,3.758456E9
2018-05-16,63.06,63.37,59.88,61.85,9.94962E7,4.020185E9
2018-05-15,66.38,69.34,62.54,63.25,9.88108E7,4.111224E9
2018-05-14,67.82,69.23,63.19,66.46,1.3022E8,4.320095E9
2018-05-13,64.76,69.3,63.15,67.76,1.05992E8,4.4042115E9
2018-05-12,63.45,67.61,59.07,64.76,1.25551E8,4.2090815E9
2018-05-11,69.96,70.41,61.45,63.4,1.77496992E8,4.121052E9
2018-05-10,76.32,76.97,70.18,70.18,1.26392E8,4.561492E9
2018-05-09,77.12,77.21,72.9,76.33,1.20422E8,4.961567E9
2018-05-08,79.57,81.08,76.03,77.08,1.26518E8,5.0102065E9
2018-05-07,83.59,83.59,76.5,79.29,1.57183008E8,5.154149E9
2018-05-06,84.3,87.94,80.72,83.56,1.7759E8,5.431127E9
2018-05-05,84.31,86.07,84.16,84.36,1.28178E8,5.4835495E9
2018-05-04,87.7,87.7,82.56,84.26,1.53112E8,5.4768675E9
2018-05-03,84.92,89.68,83.86,87.82,2.2683E8,5.7083975E9
2018-05-02,84.41,85.39,82.84,84.79,1.37844E8,5.511337E9
2018-05-01,84.37,84.86,79.32,84.64,1.80819008E8,5.5016455E9
2018-04-30,92.15,94.76,82.86,84.27,3.77384992E8,5.4777125E9
2018-04-29,76.59,92.52,76.59,91.07,5.02971008E8,5.919667E9
2018-04-28,72.42,78.2,72.42,76.75,1.43123008E8,4.9885485E9
2018-04-27,77.02,77.31,72.67,72.67,1.33132E8,4.7233875E9
2018-04-26,71.56,77.24,69.81,77.19,1.42338E8,5.0170445E9
2018-04-25,82.49,82.58,69.03,71.38,2.32380992E8,4.6397E9
2018-04-24,76.29,84.44,76.24,83.01,2.14076E8,5.3955915E9
2018-04-23,73.65,77.8,73.65,76.22,1.29211E8,4.954573E9
2018-04-22,74.53,77.2,73.0,73.76,1.18189E8,4.7945105E9
2018-04-21,79.1,79.62,71.16,74.99,1.72502E8,4.874493E9
2018-04-20,74.18,79.47,72.56,79.03,1.84820992E8,5.1369045E9
2018-04-19,72.55,74.79,70.96,74.13,1.72656992E8,4.8182615E9
2018-04-18,65.71,73.36,65.71,72.84,1.46354E8,4.7346455E9
2018-04-17,67.01,69.85,65.66,65.75,1.04953E8,4.273919E9
2018-04-16,70.12,70.77,64.4,66.7,1.24354E8,4.335409E9
2018-04-15,64.33,70.33,64.33,70.33,1.26368E8,4.5715345E9
2018-04-14,62.21,65.45,61.75,63.86,9.0798E7,4.1508675E9
2018-04-13,66.66,68.1,61.56,62.21,1.77671008E8,4.043481E9
2018-04-12,58.38,66.71,54.91,66.71,2.72688992E8,4.33615E9
2018-04-11,52.58,59.46,52.32,58.54,1.78200992E8,3.805191E9
2018-04-10,53.2,53.2,49.67,52.62,9.0631296E7,3.4204365E9
2018-04-09,49.37,56.66,49.37,52.93,2.67976992E8,3.440502E9
2018-04-08,46.54,49.19,46.54,49.19,4.46711E7,3.1973435E9
2018-04-07,44.91,47.81,44.83,46.42,4.97866E7,3.017586E9
2018-04-06,47.05,47.48,44.59,44.94,4.68501E7,2.9209895E9
2018-04-05,47.46,47.85,45.85,47.2,6.36506E7,3.0680975E9
2018-04-04,53.38,53.63,46.95,47.55,7.39568E7,3.09075E9
2018-04-03,48.98,54.13,48.63,53.64,8.4566304E7,3.486704E9
2018-04-02,47.34,50.3,46.79,48.82,6.28548E7,3.1732545E9
2018-04-01,50.34,50.59,45.3,47.3,7.3349E7,3.074773E9
2018-03-31,50.43,52.91,49.97,50.13,6.80318E7,3.258125E9
2018-03-30,51.85,53.58,49.1,50.31,1.14151E8,3.270358E9
2018-03-29,57.31,57.4,51.45,51.88,1.10023E8,3.372525E9
2018-03-28,55.34,60.12,55.34,57.24,8.1977504E7,3.720366E9
2018-03-27,59.49,60.02,52.51,55.53,1.45188992E8,3.6094695E9
2018-03-26,65.4,65.93,55.92,59.74,1.44888992E8,3.882879E9
2018-03-25,65.19,67.44,63.87,65.43,8.29892E7,4.2528135E9
2018-03-24,69.07,70.24,65.73,65.73,1.02618E8,4.2727165E9
2018-03-23,69.61,69.61,63.92,68.56,1.37020992E8,4.456127E9
2018-03-22,72.81,75.07,66.92,69.64,1.52648E8,4.52647E9
2018-03-21,76.41,77.79,71.52,72.95,1.77772992E8,4.7418735E9
2018-03-20,73.85,79.56,67.59,76.03,2.55944E8,4.94195E9
2018-03-19,67.19,73.44,62.74,73.44,2.74503008E8,4.7736065E9
2018-03-18,61.18,66.7,49.39,65.5,2.49146E8,4.2575975E9
2018-03-17,68.3,69.11,61.02,61.53,9.5221696E7,3.999333E9
2018-03-16,69.66,71.49,65.91,68.25,1.14395E8,4.43612E9
2018-03-15,71.83,72.95,65.49,69.57,1.73336E8,4.5223555E9
2018-03-14,83.42,85.03,69.1,71.67,1.46276992E8,4.658667E9
2018-03-13,85.57,88.39,82.19,83.38,1.18017E8,5.419778E9
2018-03-12,91.49,92.98,84.26,85.91,1.25997E8,5.5838575E9
2018-03-11,85.44,92.49,82.31,91.19,1.20665E8,5.9272005E9
2018-03-10,93.32,94.43,85.52,85.58,1.23154E8,5.562531E9
2018-03-09,91.7,93.78,80.85,92.67,2.16976E8,6.023472E9
2018-03-08,100.54,102.14,90.87,91.57,1.58916992E8,5.9521865E9
2018-03-07,105.38,113.65,91.03,100.44,2.97579008E8,6.528795E9
2018-03-06,112.27,114.94,103.56,105.11,2.0377E8,6.83241E9
2018-03-05,120.12,120.12,111.76,113.02,2.12735008E8,7.346495E9
2018-03-04,121.83,125.13,115.99,119.36,1.7784E8,7.75827E9
2018-03-03,124.26,128.06,121.54,122.14,1.32602E8,7.939425E9
2018-03-02,129.95,130.3,122.59,124.24,1.4893E8,8.07547E9
2018-03-01,133.65,136.15,126.57,129.05,2.82388E8,8.38851E9
2018-02-28,142.38,144.62,132.06,133.24,3.15822016E8,8.660665E9
2018-02-27,134.84,146.35,132.92,142.5,4.27504992E8,9.262435E9
2018-02-26,118.91,137.1,117.91,134.17,2.927E8,8.721245E9
2018-02-25,118.29,120.0,114.56,118.46,1.14914E8,7.70016E9
2018-02-24,121.42,126.89,114.41,118.57,1.5795E8,7.70731E9
2018-02-23,113.39,123.85,110.86,121.65,1.89394E8,7.907055E9
2018-02-22,120.62,126.93,111.89,114.08,1.93746E8,7.415395E9
2018-02-21,127.67,130.21,118.08,120.96,2.0733E8,7.86214E9
2018-02-20,137.95,142.01,127.86,128.36,2.39238E8,8.34327E9
2018-02-19,127.24,138.52,126.7,137.47,2.01551008E8,8.93529E9
2018-02-18,136.4,137.95,124.32,127.38,2.07624E8,8.27944E9
2018-02-17,131.02,139.8,129.42,136.75,2.86384992E8,8.88875E9
2018-02-16,123.02,130.62,119.94,128.85,1.94878E8,8.37512E9
2018-02-15,122.0,125.76,118.79,123.29,2.18616E8,8.013915E9
2018-02-14,110.86,123.03,110.86,122.52,2.28692992E8,7.96367E9
2018-02-13,113.64,114.93,108.64,111.18,1.76966E8,7.226375E9
2018-02-12,104.18,115.85,104.18,113.25,2.72088992E8,7.36099E9
2018-02-11,110.45,113.18,96.78,103.4,2.57944E8,6.720935E9
2018-02-10,117.21,122.85,104.98,110.63,3.55323008E8,7.19069E9
2018-02-09,111.99,117.65,108.84,117.57,2.1245E8,7.64192E9
2018-02-08,104.06,117.0,104.06,112.43,5.46732992E8,7.30795E9
2018-02-07,105.13,118.5,94.94,102.5,5.71724032E8,6.662565E9
2018-02-06,84.07,109.21,64.88,105.95,6.59945984E8,6.88649E9
2018-02-05,107.57,108.97,75.75,82.37,3.12096E8,5.3537705E9
2018-02-04,122.21,124.01,102.03,107.46,2.03674E8,6.984575E9
2018-02-03,121.03,127.28,106.9,122.96,2.55707008E8,7.992725E9
2018-02-02,125.64,129.19,91.96,120.13,5.52638976E8,7.80819E9
2018-02-01,145.96,147.16,115.27,126.0,3.56495008E8,8.190195E9
2018-01-31,145.4,148.18,133.32,145.76,3.57308992E8,9.47427E9
2018-01-30,168.86,173.75,140.13,146.28,6.70294976E8,9.508135E9
2018-01-29,152.08,168.14,151.46,168.14,6.02513984E8,1.0929165E10
2018-01-28,140.37,153.61,140.37,152.16,2.46175008E8,9.89014E9
2018-01-27,138.14,142.07,134.35,140.2,2.07868E8,9.113195E9
2018-01-26,137.75,141.13,126.53,137.89,3.24067008E8,8.96272E9
2018-01-25,138.1,146.94,134.58,138.0,3.15009984E8,8.970195E9
2018-01-24,122.57,144.12,118.15,136.41,4.3336E8,8.866585E9
2018-01-23,123.37,129.71,110.18,121.6,2.63388992E8,7.90426E9
2018-01-22,132.3,137.78,112.38,123.66,3.46611008E8,8.038095E9
2018-01-21,150.23,150.23,126.2,131.1,3.46048E8,8.521175E9
2018-01-20,140.49,157.19,138.65,149.94,5.01671008E8,9.74623E9
2018-01-19,141.25,150.15,132.97,139.49,4.948E8,9.067175E9
2018-01-18,142.6,159.49,129.85,142.66,8.38633984E8,9.27264E9
2018-01-17,144.73,154.29,94.57,141.37,1.58792E9,9.18905E9
2018-01-16,187.97,187.97,104.29,145.3,1.664429952E9,9.444435E9
2018-01-15,170.1,196.85,147.4,187.4,1.455619968E9,1.2181325E10
2018-01-14,140.56,176.83,135.92,170.42,6.48694016E8,1.107717E10
2018-01-13,124.15,146.51,124.15,140.62,4.55703008E8,9.14043E9
2018-01-12,109.18,126.54,105.25,124.47,2.34756992E8,8.090485E9
2018-01-11,123.1,124.33,102.66,108.29,2.70718016E8,7.039175E9
2018-01-10,127.24,127.26,111.05,122.99,3.61796992E8,7.99422E9
2018-01-09,102.07,129.87,101.84,126.94,5.29663008E8,8.251035E9
2018-01-08,102.12,108.6,90.68,102.38,2.31395008E8,6.654505E9
2018-01-07,101.12,108.52,99.2,102.43,1.96620992E8,6.657885E9
2018-01-06,95.31,103.13,91.9,100.86,1.87746E8,6.55603E9
2018-01-05,98.91,106.24,89.58,95.28,2.92932992E8,6.193317E9
2018-01-04,104.79,109.2,96.24,99.11,3.32545984E8,6.442085E9
2018-01-03,90.3,105.56,86.89,105.56,2.88086016E8,6.861335E9
2018-01-02,78.53,97.01,78.53,90.33,3.73376992E8,5.871177E9
2018-01-01,76.19,80.69,72.72,78.82,1.42094E8,5.1235405E9
2017-12-31,72.56,78.01,67.69,75.96,1.81356992E8,4.937439E9
2017-12-30,74.18,74.54,63.02,72.4,2.02376992E8,4.706208E9
2017-12-29,65.7,74.82,63.14,73.9,1.63331008E8,4.803812E9
2017-12-28,66.76,66.94,58.22,65.43,1.35592E8,4.252638E9
2017-12-27,65.53,70.29,62.88,66.88,1.53715008E8,4.3474405E9
2017-12-26,66.61,68.8,61.86,65.52,1.95466E8,4.2585725E9
2017-12-25,60.27,68.37,58.39,66.32,1.70538E8,4.3110795E9
2017-12-24,59.32,59.97,51.84,59.7,1.60158E8,3.880201E9
2017-12-23,56.32,67.75,56.32,58.9,1.46282E8,3.8288055E9
2017-12-22,71.54,72.28,43.39,55.57,2.97579008E8,3.6120825E9
2017-12-21,76.12,79.04,67.49,71.37,2.25272E8,4.6391345E9
2017-12-20,71.31,77.5,63.1,75.62,3.05912E8,4.915378E9
2017-12-19,77.19,82.1,66.59,70.81,2.90083008E8,4.6029035E9
2017-12-18,68.45,81.06,63.96,77.22,4.37848992E8,5.0190725E9
2017-12-17,49.74,71.72,49.74,68.11,5.00799008E8,4.427436E9
2017-12-16,48.14,52.26,46.93,49.81,1.64723008E8,3.237494E9
2017-12-15,50.54,51.24,43.13,47.99,2.04064992E8,3.119311E9
2017-12-14,44.9,53.65,44.4,50.62,3.13147008E8,3.290521E9
2017-12-13,40.73,49.07,37.49,44.81,2.945E8,2.9129555E9
2017-12-12,36.22,41.28,35.32,40.41,1.32796E8,2.6267345E9
2017-12-11,33.32,36.57,33.32,35.88,7.73238E7,2.332369E9
2017-12-10,35.79,35.79,32.51,33.31,7.21336E7,2.1652085E9
2017-12-09,35.96,38.98,34.87,35.71,9.3255296E7,2.3213775E9
2017-12-08,34.84,37.38,32.36,36.27,1.2545E8,2.35768E9
2017-12-07,35.04,37.26,33.31,34.86,1.25301E8,2.2660365E9
2017-12-06,38.75,38.85,34.4,35.16,1.18745E8,2.285634E9
2017-12-05,41.99,42.79,38.82,38.82,1.0148E8,2.523378E9
2017-12-04,36.65,43.0,36.62,42.17,1.6043E8,2.741154E9
2017-12-03,35.1,39.52,35.03,36.62,7.9801696E7,2.380495E9
2017-12-02,35.84,36.61,34.51,35.07,4.89917E7,2.279524E9
2017-12-01,32.89,36.24,31.36,35.84,8.9359696E7,2.3294765E9
2017-11-30,32.54,34.98,30.09,32.96,7.8895104E7,2.142088E9
2017-11-29,37.99,39.44,31.23,32.28,1.37123008E8,2.098109E9
2017-11-28,40.13,40.13,37.47,38.08,8.0129E7,2.4750895E9
2017-11-27,38.32,41.91,38.32,40.13,8.3345904E7,2.608151E9
2017-11-26,38.04,39.2,37.49,38.44,6.15977E7,2.4988665E9
2017-11-25,34.83,39.86,34.6,38.13,1.25113E8,2.478138E9
2017-11-24,34.89,35.7,33.46,34.79,6.8977696E7,2.261454E9
2017-11-23,35.83,36.29,34.5,34.9,6.89178E7,2.268643E9
2017-11-22,34.45,36.98,34.45,35.86,8.23788E7,2.3307765E9
2017-11-21,36.21,37.16,33.38,34.36,1.33333E8,2.2333675E9
2017-11-20,39.94,43.14,35.64,35.64,2.43906E8,2.3163335E9
2017-11-19,43.01,45.45,36.66,39.75,2.73035008E8,2.583906E9
2017-11-18,39.74,48.09,36.28,42.74,4.34827008E8,2.778061E9
2017-11-17,28.71,41.08,28.36,40.5,2.52834E8,2.632656E9
2017-11-16,29.45,29.93,28.48,28.7,4.08957E7,1.8657405E9
2017-11-15,29.79,30.58,28.26,29.35,4.51037E7,1.90762E9
2017-11-14,28.4,29.96,28.1,29.73,3.94363E7,1.9321575E9
2017-11-13,27.12,28.97,26.59,28.4,4.12994E7,1.846156E9
2017-11-12,28.44,28.45,25.31,26.96,6.35882E7,1.7525105E9
2017-11-11,28.15,29.93,27.4,28.53,4.59941E7,1.8543265E9
2017-11-10,31.97,32.44,26.74,28.18,5.77569E7,1.8316285E9
2017-11-09,30.76,33.02,30.58,31.9,7.9919296E7,2.073708E9
2017-11-08,26.17,33.81,26.02,30.67,1.20273E8,1.9938555E9
2017-11-07,26.26,26.52,25.62,26.23,4.01469E7,1.7047485E9
2017-11-06,26.47,26.81,25.95,26.32,2.67984E7,1.710527E9
2017-11-05,26.48,26.72,25.79,26.38,2.52297E7,1.7147325E9
2017-11-04,26.77,27.74,25.94,26.49,3.18706E7,1.721707E9
2017-11-03,24.6,26.9,24.39,26.82,4.01421E7,1.743326E9
2017-11-02,26.75,26.75,22.89,24.5,7.44552E7,1.5926755E9
2017-11-01,28.38,28.44,26.68,26.86,4.97828E7,1.746082E9
2017-10-31,28.69,30.44,28.47,28.47,6.16884E7,1.850602E9
2017-10-30,27.72,29.49,27.71,28.79,3.09685E7,1.871038E9
2017-10-29,27.2,28.61,27.2,27.76,2.97365E7,1.804556E9
2017-10-28,28.86,28.99,27.17,27.35,2.53682E7,1.36757E9
2017-10-27,28.33,28.88,28.1,28.76,2.8919E7,1.43782E9
2017-10-26,28.48,29.39,28.06,28.33,3.59879E7,1.416375E9
2017-10-25,30.11,30.11,28.54,28.54,3.55584E7,1.427175E9
2017-10-24,27.34,32.72,26.73,30.15,7.82256E7,1.507465E9
2017-10-23,28.49,28.65,26.43,27.51,2.81548E7,1.375555E9
2017-10-22,27.15,29.48,27.1,28.79,3.61841E7,1.439565E9
2017-10-21,27.76,28.28,26.04,27.13,3.40589E7,1.356315E9
2017-10-20,28.68,29.5,27.73,27.75,3.69337E7,1.387585E9
2017-10-19,29.66,29.96,28.48,28.66,3.04014E7,1.43302E9
2017-10-18,31.66,31.78,28.44,29.67,4.96597E7,1.48355E9
2017-10-17,28.5,32.55,27.81,31.4,7.421E7,1.569935E9
2017-10-16,27.76,29.07,26.96,28.53,3.47132E7,1.42637E9
2017-10-15,27.65,28.47,26.91,27.73,3.11892E7,1.38659E9
2017-10-14,29.32,29.45,27.65,27.8,3.35511E7,1.390005E9
2017-10-13,27.85,29.87,26.45,29.35,8.1365E7,1.46758E9
2017-10-12,30.01,30.36,27.61,28.18,6.10804E7,1.408995E9
2017-10-11,29.3,31.23,29.3,29.96,3.36277E7,1.498055E9
2017-10-10,29.15,31.2,28.07,29.31,4.82236E7,1.465415E9
2017-10-09,32.04,32.79,26.78,29.1,9.8290304E7,1.45506E9
2017-10-08,35.64,37.23,31.01,32.07,1.07725E8,1.603285E9
2017-10-07,33.54,36.15,33.3,36.14,4.80588E7,1.806955E9
2017-10-06,32.5,34.32,32.23,33.52,4.72671E7,1.67588E9
2017-10-05,31.21,33.31,28.98,32.28,6.6785E7,1.613795E9
2017-10-04,33.79,35.03,30.09,31.16,6.05659E7,1.55791E9
2017-10-03,36.65,36.79,32.01,33.61,7.41996E7,1.680345E9
2017-10-02,35.7,39.01,34.9,36.74,1.16098E8,1.83705E9
2017-10-01,34.12,35.83,31.82,35.72,7.2169504E7,1.78601E9
2017-09-30,28.59,34.24,28.45,34.21,8.21816E7,1.71074E9
2017-09-29,30.25,30.41,26.13,28.64,7.2558304E7,1.431845E9
2017-09-28,31.78,32.69,27.68,29.76,1.01195E8,1.48816E9
2017-09-27,26.32,34.03,26.32,31.79,1.63163008E8,1.58966E9
2017-09-26,26.12,27.3,24.46,26.38,6.58686E7,1.318815E9
2017-09-25,19.8,27.08,19.8,26.02,8.1225504E7,1.300895E9
2017-09-24,20.17,20.43,19.28,19.79,1.19672E7,9.8935E8
2017-09-23,18.58,20.59,18.3,20.18,1.72168E7,1.00908E9
2017-09-22,17.39,19.32,16.98,18.69,2.24802E7,9.34335E8
2017-09-21,19.65,19.82,16.75,17.45,2.15874E7,8.7236E8
2017-09-20,19.9,20.47,19.69,19.75,1.40582E7,9.8728E8
2017-09-19,20.99,21.71,19.04,19.94,3.04519E7,9.9708E8
2017-09-18,19.91,21.38,19.54,21.22,2.76476E7,1.061185E9
2017-09-17,20.64,20.64,18.36,19.86,1.86951E7,9.9297E8
2017-09-16,18.75,22.98,18.5,20.76,5.021E7,1.037965E9
2017-09-15,15.81,19.12,13.32,18.74,5.08117E7,9.3696E8
2017-09-14,20.08,20.75,14.95,15.69,4.22215E7,7.847E8
2017-09-13,20.83,21.29,17.8,20.06,3.72584E7,1.003065E9
2017-09-12,21.87,23.6,19.86,20.97,4.07023E7,1.04864E9
2017-09-11,22.68,23.97,21.7,21.88,2.78353E7,1.09383E9
2017-09-10,21.76,23.64,19.37,22.75,5.40025E7,1.13737E9
2017-09-09,24.63,24.63,21.55,21.96,4.71995E7,1.09789E9
2017-09-08,30.59,30.59,22.41,24.86,1.12252E8,1.24312E9
2017-09-07,21.3,33.55,20.54,30.78,2.14000992E8,1.539155E9
2017-09-06,22.97,24.32,20.3,21.36,7.7746304E7,1.06786E9
2017-09-05,21.88,23.85,18.93,22.8,9.1402304E7,1.13987E9
2017-09-04,30.44,30.44,17.4,21.83,1.89916992E8,1.09168E9
2017-09-03,31.77,32.65,28.58,30.32,4.32323E7,1.51594E9
2017-09-02,31.69,34.81,28.55,31.72,9.27226E7,1.58609E9
2017-09-01,33.17,33.57,28.87,32.01,7.5418896E7,1.60042E9
2017-08-31,32.93,35.09,32.6,33.16,4.99573E7,1.65806E9
2017-08-30,33.48,35.84,29.71,33.1,9.72896E7,1.65485E9
2017-08-29,38.46,38.46,30.69,33.66,1.68534E8,1.68278E9
2017-08-28,40.23,40.31,37.38,38.45,4.1401E7,1.92259E9
2017-08-27,38.58,41.23,37.42,40.09,5.06496E7,2.00466E9
2017-08-26,40.31,40.52,37.7,38.59,4.10178E7,1.92928E9
2017-08-25,41.96,42.26,39.78,40.3,4.77722E7,2.01485E9
2017-08-24,39.92,42.13,39.31,42.05,6.38755E7,2.10266E9
2017-08-23,35.83,44.03,35.25,40.0,1.31763E8,2.000175E9
2017-08-22,35.16,36.17,31.6,35.85,6.8265296E7,1.792695E9
2017-08-21,38.04,38.28,34.15,35.3,8.5955E7,1.76489E9
2017-08-20,39.63,40.65,38.16,38.19,8.58622E7,1.909275E9
2017-08-19,38.86,42.22,35.4,39.97,1.68358E8,1.998665E9
2017-08-18,40.85,41.16,31.32,38.85,2.09844992E8,1.94237E9
2017-08-17,45.72,46.34,38.91,40.69,1.9141E8,2.034685E9
2017-08-16,46.98,51.24,44.69,45.54,1.70272992E8,2.27682E9
2017-08-15,47.5,47.99,39.52,47.49,2.62800992E8,2.37473E9
2017-08-14,47.63,52.02,44.79,47.43,3.43704992E8,2.371745E9
2017-08-13,36.86,52.63,35.32,46.65,4.48654016E8,2.332275E9
2017-08-12,33.16,37.37,30.45,36.61,1.77772E8,1.83074E9
2017-08-11,36.32,39.13,27.58,33.5,3.82070016E8,1.67514E9
2017-08-10,21.68,38.44,21.36,36.18,3.60124992E8,1.80898E9
2017-08-09,18.34,21.94,17.46,21.75,1.16795E8,1.08748E9
2017-08-08,18.73,19.34,15.59,18.27,1.24589E8,9.13695E8
2017-08-07,15.2,20.24,14.36,18.68,1.66514E8,9.33845E8
2017-08-06,14.17,16.19,13.42,15.21,8.14508E7,7.60545E8
2017-08-05,10.39,14.95,10.24,14.02,8.26804E7,7.01035E8
2017-08-04,10.84,11.22,9.97,10.43,5.62855E7,5.21295E8
2017-08-03,8.19,10.7,8.06,10.67,4.98488E7,5.3373E8
2017-08-02,7.85,8.3,7.71,8.11,1.7559E7,4.054325E8
2017-08-01,7.36,8.2,6.96,7.86,1.85279E7,3.93015E8
2017-07-31,7.16,7.43,7.02,7.33,1.08566E7,3.66449E8
2017-07-30,7.27,7.3,6.94,7.15,9006030.0,3.574025E8
2017-07-29,7.09,7.46,6.76,7.26,1.05184E7,3.630955E8
2017-07-28,7.75,7.88,6.93,7.09,1.57258E7,3.54702E8
2017-07-27,7.22,7.94,7.13,7.72,1.52511E7,3.86214E8
2017-07-26,7.33,7.59,6.58,7.17,1.67656E7,3.58717E8
2017-07-25,8.48,8.48,6.88,7.35,1.94804E7,3.67701E8
2017-07-24,8.61,8.81,8.19,8.46,2.12837E7,4.23127E8
2017-07-23,8.64,8.93,7.76,8.57,2.99151E7,4.28255E8
2017-07-22,7.39,9.12,7.31,8.62,3.28908E7,4.311385E8
2017-07-21,7.24,7.97,7.03,7.42,2.1298E7,3.709045E8
2017-07-20,5.89,7.47,5.89,7.21,2.54761E7,3.606155E8
2017-07-19,6.04,6.23,5.65,5.88,1.42555E7,2.94106E8
2017-07-18,5.77,6.29,5.51,6.02,1.81017E7,3.012185E8
2017-07-17,5.06,5.85,5.03,5.77,1.5013E7,2.883675E8
2017-07-16,5.03,5.27,4.83,5.04,9498420.0,2.522365E8
2017-07-15,5.55,5.55,4.98,5.03,1.12942E7,2.51293E8
2017-07-14,6.27,6.29,5.42,5.54,1.2351E7,2.77156E8
2017-07-13,6.68,6.95,5.91,6.29,1.7824E7,3.147025E8
2017-07-12,5.31,6.69,5.07,6.63,2.33373E7,3.315345E8
2017-07-11,5.93,6.11,4.83,5.4,2.01829E7,2.69825E8
2017-07-10,6.91,6.96,5.58,6.03,1.13953E7,3.014425E8
2017-07-09,7.4,7.62,6.87,6.9,1.04225E7,3.44761E8
2017-07-08,6.79,7.63,5.91,7.45,2.41385E7,3.72492E8
2017-07-07,7.83,7.89,6.74,6.77,1.64095E7,3.38573E8
2017-07-06,7.98,8.34,7.69,7.84,1.79325E7,3.91921E8
2017-07-05,7.77,8.66,7.23,8.03,2.93681E7,4.01517E8
2017-07-04,8.22,8.49,7.77,7.78,1.57816E7,3.89144E8
2017-07-03,8.06,8.48,7.52,8.22,2.88204E7,4.10793E8
2017-07-02,7.96,8.51,6.75,8.1,4.74787E7,4.047595E8
2017-07-01,8.77,9.24,7.74,7.95,3.31284E7,3.974745E8
2017-06-30,9.72,10.0,8.6,8.73,4.33555E7,4.36469E8
2017-06-29,8.34,10.07,7.91,9.77,7.705E7,4.8846E8
2017-06-28,6.96,8.69,6.49,8.38,7.2982304E7,4.190685E8
2017-06-27,5.35,7.26,5.09,6.83,7.1029696E7,3.417125E8
2017-06-26,5.95,6.22,4.42,5.53,2.76159E7,2.7652E8
2017-06-25,6.29,6.46,5.66,5.95,2.48909E7,2.973645E8
2017-06-24,6.87,7.11,6.25,6.3,3.33595E7,3.147695E8
2017-06-23,6.92,7.43,5.78,6.84,6.70333E7,3.420435E8
2017-06-22,10.16,10.51,6.9,6.94,1.15249E8,3.469695E8
2017-06-21,8.04,10.21,7.81,10.15,8.83744E7,5.07335E8
2017-06-20,11.79,11.79,7.87,8.0,1.26661E8,4.00068E8
2017-06-19,5.46,11.81,5.46,11.72,2.81340992E8,5.8591E8
2017-06-18,3.79,5.26,3.47,5.26,6.1381E7,2.631085E8
2017-06-17,2.8,4.18,2.7,3.76,8.2601E7,1.878615E8
2017-06-16,1.8,2.81,1.72,2.77,4.57822E7,1.386045E8
2017-06-15,1.74,1.84,1.54,1.78,9550940.0,8.91645E7
2017-06-14,1.81,1.94,1.68,1.74,1.04972E7,8.7054E7
2017-06-13,1.5,1.86,1.5,1.81,1.04565E7,9.04445E7
2017-06-12,1.67,1.69,1.4,1.51,7492490.0,7.5338E7
2017-06-11,1.69,1.73,1.52,1.67,6479410.0,8.34965E7
2017-06-10,1.54,2.07,1.53,1.68,1.72953E7,8.3887E7
2017-06-09,1.36,1.59,1.33,1.55,9728020.0,7.76965E7
2017-06-08,1.27,1.36,1.19,1.36,7118290.0,6.78855E7
2017-06-07,1.34,1.36,1.27,1.28,2994510.0,6.38915E7
2017-06-06,1.28,1.37,1.2,1.34,5234170.0,6.69305E7
2017-06-05,1.27,1.35,1.25,1.28,3876920.0,6.38565E7
2017-06-04,1.25,1.32,1.22,1.26,2572220.0,6.281E7
2017-06-03,1.36,1.36,1.15,1.26,4049740.0,6.29E7
2017-06-02,1.25,1.4,1.18,1.35,7157890.0,6.7597E7
2017-06-01,1.03,1.3,1.01,1.24,8061920.0,6.1876E7
2017-05-31,1.02,1.08,0.966531,1.03,3001020.0,5.12635E7
2017-05-30,0.975403,1.13,0.970573,1.02,5393720.0,5.1193E7
2017-05-29,0.921727,0.974728,0.873447,0.966765,2171000.0,4.833825E7
2017-05-28,0.989557,1.07,0.814832,0.930106,5133830.0,4.65053E7
2017-05-27,0.806824,1.03,0.598245,0.982348,7025920.0,4.91174E7
2017-05-26,1.11,1.22,0.69411,0.826549,6847940.0,4.132745E7
2017-05-25,1.74,1.74,1.01,1.11,1.2458E7,5.5304E7
2017-05-24,0.878954,1.9,0.863444,1.76,2.29004E7,8.7853E7
2017-05-23,0.721726,0.901805,0.695115,0.877157,3858760.0,4.385785E7
2017-05-22,0.682007,0.742591,0.669175,0.720486,2331300.0,3.60243E7
2017-05-21,0.665434,0.744667,0.618864,0.664141,2621930.0,3.320705E7
2017-05-20,0.638148,0.671513,0.612225,0.665485,1476170.0,3.327425E7
2017-05-19,0.539752,0.682251,0.539752,0.63186,1884600.0,3.1593E7
2017-05-18,0.533423,0.552265,0.514519,0.539481,1201540.0,2.697405E7
2017-05-17,0.464285,0.531643,0.454101,0.531643,1328670.0,2.658215E7
2017-05-16,0.474567,0.474567,0.452551,0.463667,637204.0,2.318335E7
2017-05-15,0.477364,0.4933,0.45415,0.470057,897219.0,2.350285E7
2017-05-14,0.483372,0.490861,0.473253,0.477543,501693.0,2.387715E7
2017-05-13,0.487873,0.491284,0.451528,0.484544,616908.0,2.42272E7
2017-05-12,0.480874,0.508175,0.469682,0.487684,548028.0,2.43842E7
2017-05-11,0.504314,0.520573,0.431391,0.481077,953152.0,2.405385E7
2017-05-10,0.44926,0.541055,0.44926,0.503894,843243.0,2.51947E7
2017-05-09,0.496131,0.501255,0.407576,0.44937,1076450.0,2.24685E7
2017-05-08,0.5303,0.542761,0.486931,0.496572,1025750.0,2.48286E7
2017-05-07,0.585263,0.591143,0.516306,0.535792,1249060.0,2.67896E7
2017-05-06,0.572854,0.59035,0.537649,0.58767,1341720.0,2.93835E7
2017-05-05,0.493833,0.576426,0.470129,0.576426,2660100.0,2.88213E7
2017-05-04,0.345096,0.500403,0.334537,0.500309,2317450.0,2.501545E7
2017-05-03,0.314746,0.348589,0.309078,0.343782,758237.0,1.71891E7
2017-05-02,0.319147,0.326074,0.280153,0.314833,588824.0,1.574165E7
2017-05-01,0.361689,0.361689,0.269563,0.318838,1142050.0,1.59419E7
2017-04-30,0.271731,0.362409,0.268994,0.360099,1631520.0,1.800495E7
2017-04-29,0.229612,0.29057,0.221128,0.271729,960013.0,1.358645E7
2017-04-28,0.202194,0.229271,0.20142,0.229255,473689.0,1.146275E7
2017-04-27,0.184394,0.20851,0.181833,0.202092,327972.0,1.01046E7
2017-04-26,0.183475,0.188085,0.179909,0.184577,185400.0,9228850.0
2017-04-25,0.173606,0.184094,0.166802,0.183504,241805.0,9175200.0
2017-04-24,0.177077,0.177153,0.163354,0.173758,262706.0,8687900.0
2017-04-23,0.180684,0.185985,0.169937,0.17496,175678.0,8748000.0
2017-04-22,0.178943,0.188524,0.173304,0.183058,288119.0,9152900.0
2017-04-21,0.184685,0.185694,0.174442,0.178122,263127.0,8906100.0
2017-04-20,0.189534,0.191015,0.178645,0.184725,222525.0,9236250.0
2017-04-19,0.180622,0.190709,0.178089,0.189408,297302.0,9470400.0
2017-04-18,0.19191,0.192224,0.176355,0.180479,348694.0,9023950.0
2017-04-17,0.191583,0.192535,0.179468,0.191489,331308.0,9574450.0
2017-04-16,0.193672,0.19565,0.188923,0.192076,167886.0,9603800.0
2017-04-15,0.192991,0.194574,0.190452,0.192164,76566.4,9608200.0
2017-04-14,0.19154,0.19396,0.190495,0.192958,103138.0,9647900.0
2017-04-13,0.193966,0.196013,0.190089,0.191686,147722.0,9584300.0
2017-04-12,0.198357,0.200199,0.191723,0.195553,192252.0,9777650.0
2017-04-11,0.209023,0.211772,0.189697,0.197826,257457.0,9891300.0
2017-04-10,0.188842,0.220733,0.186149,0.207874,208420.0,1.03937E7
2017-04-09,0.189679,0.191026,0.186312,0.188861,97362.1,9443050.0
2017-04-08,0.189456,0.193674,0.188398,0.190221,54653.9,9511050.0
2017-04-07,0.187871,0.192661,0.184796,0.188531,81617.8,9426550.0
2017-04-06,0.184767,0.190455,0.184234,0.18643,82505.1,9321500.0
2017-04-05,0.185082,0.192548,0.182758,0.184719,102043.0,9235950.0
2017-04-04,0.199874,0.202591,0.181038,0.185002,148096.0,9250100.0
2017-04-03,0.205808,0.205959,0.196132,0.199703,104805.0,9985150.0
2017-04-02,0.203584,0.206776,0.200261,0.20548,102369.0,1.0274E7
2017-04-01,0.203606,0.206153,0.19444,0.205017,109993.0,1.025085E7
2017-03-31,0.210236,0.213953,0.196505,0.203541,291529.0,1.017705E7
2017-03-30,0.212468,0.22193,0.206085,0.210556,504940.0,1.05278E7
2017-03-29,0.22065,0.225506,0.205719,0.212428,335567.0,1.06214E7
2017-03-28,0.186277,0.235749,0.180596,0.220632,821674.0,1.10316E7
2017-03-27,0.161165,0.191642,0.160717,0.186426,201563.0,9321300.0
2017-03-26,0.167267,0.175043,0.158772,0.160384,37656.3,8019200.0
2017-03-25,0.166941,0.167388,0.157475,0.167305,47641.0,8365250.0
2017-03-24,0.166412,0.178022,0.159289,0.166465,52184.2,8323250.0
2017-03-23,0.173183,0.176421,0.156976,0.166412,38168.5,8320600.0
2017-03-22,0.164951,0.179551,0.159475,0.173143,157814.0,8657150.0
2017-03-21,0.153972,0.167727,0.150715,0.164934,234287.0,8246700.0
2017-03-20,0.157444,0.162542,0.149597,0.153898,68538.6,7694900.0
2017-03-19,0.159019,0.163016,0.149322,0.15756,68673.3,7878000.0
2017-03-18,0.140006,0.172281,0.140006,0.158987,188985.0,7949350.0
2017-03-17,0.131324,0.166127,0.122856,0.139902,63413.2,6995100.0
2017-03-16,0.128773,0.136685,0.125514,0.131867,20678.3,6593350.0
2017-03-15,0.133699,0.140774,0.128158,0.128653,16169.0,6432650.0
2017-03-14,0.136986,0.137204,0.127028,0.133681,23746.4,6684050.0
2017-03-13,0.140799,0.140823,0.127288,0.136979,23196.1,6848950.0
2017-03-12,0.142217,0.14357,0.131473,0.140575,36588.3,7028750.0
2017-03-11,0.131403,0.142793,0.129965,0.142142,32280.9,7107100.0
2017-03-10,0.132107,0.141972,0.120088,0.131476,34319.3,6573800.0
2017-03-09,0.116266,0.140766,0.114151,0.132026,21035.4,6601300.0
2017-03-08,0.122602,0.128715,0.116242,0.116242,5535.9,5812100.0
2017-03-07,0.123459,0.123531,0.116952,0.122573,8291.08,6128650.0
2017-03-06,0.121782,0.124417,0.118414,0.12345,10659.0,6172500.0
2017-03-05,0.119821,0.12368,0.116513,0.121757,4191.9,6087850.0
2017-03-04,0.122602,0.125583,0.117666,0.119901,6235.48,5995050.0
2017-03-03,0.119272,0.124929,0.118119,0.122444,9499.01,6122200.0
2017-03-02,0.135408,0.135475,0.115596,0.119301,8963.03,5965050.0
2017-03-01,0.117455,0.135197,0.113717,0.135197,12914.3,6759850.0
2017-02-28,0.115442,0.118271,0.113307,0.117443,19659.3,5872150.0
2017-02-27,0.115234,0.118632,0.10963,0.115376,8960.2,5768800.0
2017-02-26,0.114553,0.115582,0.104331,0.114986,8433.31,5749300.0
2017-02-25,0.120864,0.12166,0.110955,0.114526,9338.6,5726300.0
2017-02-24,0.119243,0.136124,0.086475,0.121185,17386.2,6059250.0
2017-02-23,0.121958,0.122226,0.114699,0.118724,6304.03,5936200.0
2017-02-22,0.124515,0.124515,0.115683,0.121959,6902.84,6097950.0
2017-02-21,0.1214,0.127322,0.114101,0.121561,14370.4,6078050.0
2017-02-20,0.123001,0.127204,0.116679,0.121475,10970.7,6073750.0
2017-02-19,0.124522,0.124827,0.117671,0.122905,4321.01,6145250.0
2017-02-18,0.122901,0.130873,0.119005,0.124431,13458.0,6221550.0
2017-02-17,0.125972,0.130485,0.115022,0.122661,28259.3,6133050.0
2017-02-16,0.112739,0.126088,0.112574,0.126088,10794.5,6304400.0
2017-02-15,0.116744,0.120698,0.111437,0.112729,5690.25,5636450.0
2017-02-14,0.118339,0.121985,0.114384,0.116603,6788.44,5830150.0
2017-02-13,0.12153,0.13772,0.118105,0.118286,6977.31,5914300.0
2017-02-12,0.125493,0.137479,0.117401,0.121566,3330.24,6078300.0
2017-02-11,0.125788,0.127159,0.122483,0.125607,743.09,6280350.0
2017-02-10,0.12754,0.13171,0.117976,0.125761,2605.18,6288050.0
2017-02-09,0.129684,0.132791,0.118249,0.127476,10869.5,6373800.0
2017-02-08,0.133244,0.134031,0.121542,0.129568,8268.24,6478400.0
2017-02-07,0.126972,0.136817,0.126972,0.133135,5301.86,6656750.0
2017-02-06,0.131717,0.138723,0.125146,0.126788,10498.1,6339400.0
2017-02-05,0.135944,0.143104,0.128306,0.131582,2684.71,6579100.0
2017-02-04,0.134385,0.147454,0.13296,0.135867,10217.4,6793350.0
2017-02-03,0.14565,0.14565,0.132985,0.134264,9701.94,6713200.0
2017-02-02,0.147206,0.147974,0.134287,0.145699,2973.24,7284950.0
2017-02-01,0.147034,0.150287,0.140878,0.147218,4495.72,7360900.0
2017-01-31,0.153713,0.153791,0.144326,0.147016,17416.1,7350800.0
2017-01-30,0.141147,0.15376,0.140489,0.15376,9284.94,7688000.0
2017-01-29,0.138097,0.14186,0.132053,0.141204,11695.1,7060200.0
2017-01-28,0.130334,0.137387,0.125774,0.134674,7066.2,6733700.0
2017-01-27,0.129894,0.135296,0.128775,0.130343,9238.09,6517150.0
2017-01-26,0.124319,0.135711,0.120759,0.133612,7694.42,6680600.0
2017-01-25,0.120212,0.129256,0.115434,0.124216,6426.91,6210800.0
2017-01-24,0.128569,0.128569,0.113295,0.120213,7139.01,6010650.0
2017-01-23,0.114416,0.130461,0.111428,0.129948,7174.84,6497400.0
2017-01-22,0.116306,0.119379,0.109804,0.114313,6467.88,5715650.0
2017-01-21,0.117955,0.127853,0.114241,0.116309,15334.7,5815450.0
2017-01-20,0.116596,0.124276,0.111754,0.117809,16255.3,5890450.0
2017-01-19,0.123035,0.123948,0.116102,0.116619,14984.0,5830950.0
2017-01-18,0.116816,0.123035,0.115687,0.123035,7456.64,6151750.0
2017-01-17,0.119675,0.122525,0.114662,0.116638,7960.2,5831900.0
2017-01-16,0.12373,0.123958,0.118628,0.119649,5111.73,5982450.0
2017-01-15,0.122904,0.132022,0.117124,0.123732,6953.74,6186600.0
2017-01-14,0.121337,0.12394,0.116299,0.122939,9261.52,6146950.0
2017-01-13,0.124106,0.124342,0.113803,0.121321,50364.7,6066050.0
2017-01-12,0.115137,0.124128,0.109263,0.124122,59945.3,6206100.0
2017-01-11,0.13397,0.13495,0.112802,0.115138,120522.0,5756900.0
2017-01-10,0.123761,0.13955,0.123113,0.133864,126915.0,6693200.0
2017-01-09,0.13263,0.13367,0.117667,0.123767,90000.3,6188350.0
2017-01-08,0.128325,0.134773,0.127755,0.132609,69033.4,6630450.0
2017-01-07,0.135505,0.135759,0.125106,0.131104,53817.8,6555200.0
2017-01-06,0.131087,0.139018,0.131087,0.135472,54666.4,6773600.0
2017-01-05,0.136797,0.143977,0.126582,0.13107,206224.0,6553500.0
2017-01-04,0.140294,0.142834,0.134433,0.136734,94044.5,6836700.0
2017-01-03,0.145645,0.147282,0.139653,0.140422,90544.0,7021100.0
2017-01-02,0.141841,0.147746,0.141841,0.145642,75921.1,7282100.0
2017-01-01,0.144763,0.147274,0.139742,0.141841,63512.2,7092050.0
2016-12-31,0.147526,0.148837,0.142705,0.144763,60999.9,7238150.0
2016-12-30,0.143599,0.14807,0.136893,0.147527,69464.2,7376350.0
2016-12-29,0.150688,0.151915,0.140106,0.14095,100992.0,7047500.0
2016-12-28,0.158032,0.162041,0.14599,0.150689,118030.0,7534450.0
2016-12-27,0.1666,0.177395,0.153932,0.158032,265268.0,7901600.0
2016-12-26,0.146785,0.182563,0.141148,0.166597,579250.0,8329850.0
2016-12-25,0.144213,0.153788,0.141296,0.146788,239670.0,7339400.0
2016-12-24,0.139545,0.151804,0.136822,0.146916,132934.0,7345800.0
2016-12-23,0.155059,0.157925,0.131227,0.137593,187645.0,6879650.0
2016-12-22,0.166441,0.184986,0.147481,0.155065,544880.0,7753250.0
2016-12-21,0.120868,0.168983,0.118599,0.167117,635204.0,8355850.0
2016-12-20,0.121536,0.124127,0.115108,0.120868,73913.3,6043400.0
2016-12-19,0.11526,0.121812,0.106848,0.121387,55325.8,6069350.0
2016-12-18,0.105842,0.117273,0.101063,0.11526,37745.5,5763000.0
2016-12-17,0.114445,0.115568,0.10174,0.105842,62650.1,5292100.0
2016-12-16,0.109869,0.118707,0.109327,0.114432,49515.3,5721600.0
2016-12-15,0.121012,0.123902,0.109819,0.109837,38085.8,5491850.0
2016-12-14,0.12793,0.12793,0.120364,0.121008,50947.7,6050400.0
2016-12-13,0.133035,0.136888,0.125618,0.127959,30845.1,6397950.0
2016-12-12,0.122082,0.140238,0.122082,0.129977,57019.2,6498850.0
2016-12-11,0.125352,0.128221,0.12073,0.122134,41966.6,6106700.0
2016-12-10,0.130952,0.132206,0.12477,0.125328,37026.5,6266400.0
2016-12-09,0.134409,0.136923,0.129699,0.13007,54783.1,6503500.0
2016-12-08,0.137448,0.138971,0.134429,0.134429,31065.0,6721450.0
2016-12-07,0.136196,0.142794,0.134726,0.13745,51152.4,6872500.0
2016-12-06,0.13896,0.14181,0.135703,0.136097,54376.4,6804850.0
2016-12-05,0.14727,0.14727,0.138194,0.141459,71656.1,7072950.0
2016-12-04,0.142444,0.157052,0.142444,0.14717,109462.0,7358500.0
2016-12-03,0.141987,0.144054,0.136455,0.142444,121437.0,7122200.0
2016-12-02,0.140119,0.145737,0.138452,0.141991,69741.6,7099550.0
2016-12-01,0.144522,0.144846,0.138559,0.140114,62768.9,7005700.0
2016-11-30,0.149963,0.150848,0.140499,0.144636,63418.2,7231800.0
2016-11-29,0.167861,0.167909,0.141612,0.149953,121979.0,7497650.0
2016-11-28,0.173073,0.175046,0.166608,0.167994,92873.2,8399700.0
2016-11-27,0.174134,0.179557,0.173007,0.17305,34618.1,8652500.0
2016-11-26,0.174608,0.185637,0.173892,0.174141,53456.1,8707050.0
2016-11-25,0.171903,0.191663,0.171885,0.174514,148809.0,8725700.0
2016-11-24,0.167006,0.186579,0.165703,0.171955,252878.0,8597750.0
2016-11-23,0.168883,0.172495,0.16694,0.167085,18865.5,8354250.0
2016-11-22,0.173474,0.17422,0.167397,0.168892,30457.1,8444600.0
2016-11-21,0.171,0.174966,0.169408,0.173476,13976.7,8673800.0
2016-11-20,0.169929,0.171309,0.161549,0.170999,6887.84,8549950.0
2016-11-19,0.172135,0.17649,0.168427,0.169928,20977.3,8496400.0
2016-11-18,0.173267,0.196769,0.16942,0.172177,170258.0,8608850.0
2016-11-17,0.162654,0.177109,0.16256,0.17328,115600.0,8664000.0
2016-11-16,0.173875,0.177754,0.153992,0.162529,52766.5,8126450.0
2016-11-15,0.183863,0.183864,0.172835,0.173875,58216.9,8693750.0
2016-11-14,0.170347,0.196291,0.168508,0.183786,161342.0,9189300.0
2016-11-13,0.168699,0.172853,0.163703,0.169917,47661.0,8495850.0
2016-11-12,0.172603,0.179612,0.166288,0.168695,38920.0,8434750.0
2016-11-11,0.168293,0.181036,0.165815,0.176226,92296.2,8811300.0
2016-11-10,0.159342,0.179854,0.154536,0.168272,226859.0,8413600.0
2016-11-09,0.161599,0.166946,0.156541,0.159859,51100.5,7992950.0
2016-11-08,0.173073,0.173376,0.160523,0.161594,64486.6,8079700.0
2016-11-07,0.163957,0.174019,0.143322,0.173087,264007.0,8654350.0
2016-11-06,0.1608,0.16817,0.15675,0.164002,52678.9,8200100.0
2016-11-05,0.175934,0.181375,0.156657,0.160797,165265.0,8039850.0
2016-11-04,0.173574,0.183584,0.168351,0.175917,123337.0,8795850.0
2016-11-03,0.197962,0.19817,0.155788,0.173534,265799.0,8676700.0
2016-11-02,0.214646,0.219169,0.191732,0.197941,242163.0,9897050.0
2016-11-01,0.228232,0.239149,0.204285,0.211322,411699.0,1.05661E7
2016-10-31,0.18161,0.229291,0.177568,0.228251,917488.0,1.141255E7
2016-10-30,0.172946,0.18382,0.170264,0.181026,377793.0,9051300.0
2016-10-29,0.151237,0.176248,0.151237,0.170166,714101.0,8508300.0
2016-10-28,0.127447,0.159842,0.12378,0.151552,545958.0,7577600.0
2016-10-27,0.129608,0.140409,0.124055,0.127426,169528.0,6371300.0
2016-10-26,0.1357,0.16963,0.121312,0.129615,494772.0,6480750.0
2016-10-25,0.093621,0.322439,0.092699,0.135712,365986.0,6785600.0
2016-10-24,0.081,0.100103,0.076476,0.093762,522611.0,0.0
2016-10-23,0.081487,0.085212,0.076681,0.082727,107073.0,0.0
2016-10-22,0.080197,0.096001,0.080013,0.081484,293121.0,0.0
2016-10-21,0.092487,0.093918,0.072287,0.080181,269793.0,0.0
2016-10-20,0.117083,0.117172,0.085342,0.092682,286750.0,0.0
2016-10-19,0.197446,0.205554,0.111325,0.117084,228476.0,0.0
2016-10-18,0.192736,0.289527,0.179325,0.19744,406917.0,0.0
2016-10-17,0.175871,0.192747,0.175284,0.192747,12988.7,0.0
2016-10-16,0.179883,0.19069,0.175885,0.175901,16019.0,0.0
2016-10-15,0.191007,0.191007,0.179885,0.179885,595.98,0.0
2016-10-14,0.1854,0.19109,0.176211,0.191014,2334.52,0.0
2016-10-13,0.186072,0.186072,0.175498,0.185407,1317.91,0.0
2016-10-12,0.193611,0.193611,0.175684,0.186052,12201.4,0.0
2016-10-11,0.193114,0.195352,0.181615,0.193575,5948.65,0.0
2016-10-10,0.186466,0.202517,0.180081,0.193108,11203.8,0.0
2016-10-09,0.205045,0.205045,0.178857,0.186541,30052.1,0.0
2016-10-08,0.202812,0.223037,0.185864,0.205229,31829.7,0.0
2016-10-07,0.179898,0.20284,0.179898,0.20284,5784.5,0.0
2016-10-06,0.289361,0.291334,0.180059,0.180059,2611.98,0.0
2016-10-05,0.185765,0.289548,0.179917,0.289392,1864.16,0.0
2016-10-04,0.178659,0.185843,0.178659,0.185843,505.98,0.0
2016-10-03,0.177613,0.192425,0.177613,0.178713,913.14,0.0
2016-10-02,0.202302,0.202303,0.177092,0.177279,4177.65,0.0
2016-10-01,0.184979,0.216455,0.184979,0.202293,2747.9,0.0
2016-09-30,0.191685,0.194601,0.180176,0.184939,2031.56,0.0
2016-09-29,0.194845,0.208155,0.175516,0.191738,11050.4,0.0
2016-09-28,0.197915,0.21275,0.184495,0.194798,6353.64,0.0
2016-09-27,0.202473,0.202473,0.179976,0.197913,19805.8,0.0
2016-09-26,0.199118,0.224506,0.193879,0.202491,9656.52,0.0
2016-09-25,0.213843,0.224547,0.192797,0.198994,3074.88,0.0
2016-09-24,0.243321,0.25485,0.213843,0.213843,21739.7,0.0
2016-09-23,0.252745,0.277371,0.241462,0.243237,16845.2,0.0
2016-09-22,0.303806,0.308768,0.252592,0.252723,54002.3,0.0
2016-09-21,0.312539,0.318675,0.303564,0.303794,155.94,0.0
2016-09-20,0.331291,0.336507,0.309502,0.312621,1171.14,0.0
2016-09-19,0.384877,0.384881,0.331207,0.331296,1447.94,0.0
2016-09-18,0.426591,0.427137,0.384916,0.384916,105159.0,0.0
2016-09-17,0.388924,0.427314,0.388896,0.426568,21060.2,0.0
2016-09-16,0.349726,0.389464,0.348948,0.388858,15105.2,0.0
2016-09-15,0.325188,0.365124,0.325024,0.349832,1981.63,0.0
2016-09-14,0.309516,0.337779,0.306223,0.325127,4129.14,0.0
2016-09-13,0.374469,0.375092,0.301766,0.309509,3336.91,0.0
2016-09-12,0.376312,0.376671,0.360443,0.374598,1115.84,0.0
2016-09-11,0.390948,0.398459,0.37279,0.37615,878.7,0.0
2016-09-10,0.558536,0.559143,0.37096,0.391001,810.8,0.0
2016-09-09,0.181483,0.558951,0.181357,0.558478,1348.86,0.0